fitness_avg,fitness_std,fitness_min,fitness_max,fitness_iteration,fitness_containerSize,fitness_evals,fitness_nbUpdated,fitness_elapsed,size_avg,size_std,size_min,size_max,size_iteration,size_containerSize,size_evals,size_nbUpdated,size_elapsed,complexity_avg,complexity_std,complexity_min,complexity_max,complexity_iteration,complexity_containerSize,complexity_evals,complexity_nbUpdated,complexity_elapsed,iteration,containerSize,evals,nbUpdated,elapsed
-580.1599492255583,718.477622304223,-14909.704998078727,-54.97995280375662,0,537/819200,1000,735,9.820335174910724,2.0,0.0,2,2,0,537/819200,1000,735,9.820335174910724,36.98696461824954,23.466482645093066,6,125,0,537/819200,1000,735,9.820335174910724,0,537/819200,1000,735,9.820335174910724
-567.099929491493,361.2772205571699,-2800.3292463330235,-26.289951278831467,1,865/819200,473,1015,5.602770410012454,2.0,0.0,2,2,1,865/819200,473,1015,5.602770410012454,39.021965317919076,23.87502583381369,6,125,1,865/819200,473,1015,5.602770410012454,1,865/819200,473,1015,5.602770410012454
-502.04062422517023,341.4067266201875,-2800.3292463330235,-26.289951278831467,2,836/819200,468,997,4.898113486357033,2.0,0.0,2,2,2,836/819200,468,997,4.898113486357033,39.45574162679426,23.949342531760202,4,125,2,836/819200,468,997,4.898113486357033,2,836/819200,468,997,4.898113486357033
-472.57924022704424,343.2092857127208,-2800.3292463330235,-26.289951278831467,3,1030/819200,483,1252,5.794985219836235,2.0,0.0,2,2,3,1030/819200,483,1252,5.794985219836235,41.37087378640777,24.446262172118534,4,125,3,1030/819200,483,1252,5.794985219836235,3,1030/819200,483,1252,5.794985219836235
-431.7720181176612,333.50516015308216,-2800.3292463330235,-26.289951278831467,4,1219/819200,478,1443,4.883075621910393,2.0,0.0,2,2,4,1219/819200,478,1443,4.883075621910393,42.267432321575065,24.396990378126375,4,125,4,1219/819200,478,1443,4.883075621910393,4,1219/819200,478,1443,4.883075621910393
-395.6493974922376,327.7794829766402,-2800.3292463330235,-26.289951278831467,5,1385/819200,469,1613,5.742544010747224,2.0,0.0,2,2,5,1385/819200,469,1613,5.742544010747224,43.237545126353794,24.485623095562172,4,125,5,1385/819200,469,1613,5.742544010747224,5,1385/819200,469,1613,5.742544010747224
-375.5227749437438,339.0654294924737,-4291.051366049095,26.371053501728557,6,1508/819200,471,1764,5.915021777153015,2.0,0.0,2,2,6,1508/819200,471,1764,5.915021777153015,44.206896551724135,24.896169640778112,4,125,6,1508/819200,471,1764,5.915021777153015,6,1508/819200,471,1764,5.915021777153015
-357.40641555847543,331.7408849047247,-4291.051366049095,26.371053501728557,7,1634/819200,484,1874,5.358430305030197,2.0,0.0,2,2,7,1634/819200,484,1874,5.358430305030197,44.750917992656056,25.066345547044747,2,125,7,1634/819200,484,1874,5.358430305030197,7,1634/819200,484,1874,5.358430305030197
-350.7817918779875,421.0005664275109,-9440.735719724828,26.371053501728557,8,1748/819200,472,2000,6.961396474856883,2.0,0.0,2,2,8,1748/819200,472,2000,6.961396474856883,45.63615560640732,25.086356514271685,2,125,8,1748/819200,472,2000,6.961396474856883,8,1748/819200,472,2000,6.961396474856883
-345.2220001659254,534.7301044405854,-14218.055119817445,26.371053501728557,9,1825/819200,476,2065,9.876859254203737,2.0,0.0,2,2,9,1825/819200,476,2065,9.876859254203737,46.01808219178082,25.130436747429044,2,125,9,1825/819200,476,2065,9.876859254203737,9,1825/819200,476,2065,9.876859254203737
-344.212665717996,625.7629479563499,-14218.055119817445,26.371053501728557,10,1910/819200,481,2181,9.023093713913113,2.0,0.0,2,2,10,1910/819200,481,2181,9.023093713913113,46.209947643979056,25.342252148858364,2,125,10,1910/819200,481,2181,9.023093713913113,10,1910/819200,481,2181,9.023093713913113
-334.55790437009216,616.6007594747884,-14218.055119817445,26.371053501728557,11,1975/819200,465,2245,8.340296660084277,2.0,0.0,2,2,11,1975/819200,465,2245,8.340296660084277,46.8,25.572354534842823,2,125,11,1975/819200,465,2245,8.340296660084277,11,1975/819200,465,2245,8.340296660084277
-340.38744622569163,670.1219700958693,-14218.055119817445,53.15247384606164,12,2052/819200,479,2313,10.253802772145718,2.0,0.0,2,2,12,2052/819200,479,2313,10.253802772145718,46.83771929824562,25.609937312406252,2,125,12,2052/819200,479,2313,10.253802772145718,12,2052/819200,479,2313,10.253802772145718
-360.11119868840575,780.3737700177519,-14218.055119817445,53.15247384606164,13,2234/819200,477,2427,11.832765232305974,2.0,0.0,2,2,13,2234/819200,477,2427,11.832765232305974,47.684422560429724,25.63582254289507,2,125,13,2234/819200,477,2427,11.832765232305974,13,2234/819200,477,2427,11.832765232305974
-356.04674451767187,799.8507920775473,-14218.055119817445,53.15247384606164,14,2463/819200,481,2636,14.333198812790215,2.0,0.0,2,2,14,2463/819200,481,2636,14.333198812790215,48.365814047909055,26.06225877271005,2,125,14,2463/819200,481,2636,14.333198812790215,14,2463/819200,481,2636,14.333198812790215
-374.9974888470084,902.6397499084059,-14218.055119817445,53.15247384606164,15,2637/819200,479,2863,16.12502695294097,2.0,0.0,2,2,15,2637/819200,479,2863,16.12502695294097,48.8775123246113,26.266850860110008,2,125,15,2637/819200,479,2863,16.12502695294097,15,2637/819200,479,2863,16.12502695294097
-386.39592172287723,975.2666596094474,-14218.055119817445,53.15247384606164,16,2798/819200,475,3050,17.534555087797344,2.0,0.0,2,2,16,2798/819200,475,3050,17.534555087797344,49.33416726233023,26.26688880174027,2,125,16,2798/819200,475,3050,17.534555087797344,16,2798/819200,475,3050,17.534555087797344
-381.9677024583118,969.6372078817602,-14218.055119817445,53.15247384606164,17,2929/819200,476,3169,16.300693647935987,2.0,0.0,2,2,17,2929/819200,476,3169,16.300693647935987,49.77500853533629,26.348458917781578,2,125,17,2929/819200,476,3169,16.300693647935987,17,2929/819200,476,3169,16.300693647935987
-400.6924991227623,1051.1495099576357,-14218.055119817445,53.15247384606164,18,3084/819200,483,3295,22.915305448696017,2.0,0.0,2,2,18,3084/819200,483,3295,22.915305448696017,50.0064850843061,26.528267662646872,2,125,18,3084/819200,483,3295,22.915305448696017,18,3084/819200,483,3295,22.915305448696017
-410.81098850965697,1092.226315419475,-14218.055119817445,53.15247384606164,19,3209/819200,474,3458,19.342932359781116,2.0,0.0,2,2,19,3209/819200,474,3458,19.342932359781116,50.68899968837644,26.680406112539014,2,125,19,3209/819200,474,3458,19.342932359781116,19,3209/819200,474,3458,19.342932359781116
-421.26167923088684,1129.339307628798,-14218.055119817445,53.15247384606164,20,3336/819200,469,3554,23.100535677280277,2.0,0.0,2,2,20,3336/819200,469,3554,23.100535677280277,50.99730215827338,26.752456664122917,2,125,20,3336/819200,469,3554,23.100535677280277,20,3336/819200,469,3554,23.100535677280277
-433.44079283114814,1173.7651409061332,-14218.055119817445,53.15247384606164,21,3461/819200,480,3694,22.921678751241416,2.0,0.0,2,2,21,3461/819200,480,3694,22.921678751241416,51.444669170759894,26.828177874017662,2,125,21,3461/819200,480,3694,22.921678751241416,21,3461/819200,480,3694,22.921678751241416
-436.4757431540641,1189.5822702517446,-14218.055119817445,53.15247384606164,22,3579/819200,476,3821,23.534237599931657,2.0,0.0,2,2,22,3579/819200,476,3821,23.534237599931657,51.80189997205923,26.955815093068693,2,126,22,3579/819200,476,3821,23.534237599931657,22,3579/819200,476,3821,23.534237599931657
-440.75255549579487,1207.5154050943552,-14218.055119817445,53.15247384606164,23,3697/819200,469,3951,22.807153897359967,2.0,0.0,2,2,23,3697/819200,469,3951,22.807153897359967,52.29131728428455,27.0592835933741,2,126,23,3697/819200,469,3951,22.807153897359967,23,3697/819200,469,3951,22.807153897359967
-448.5259592486038,1239.2090273295978,-14218.055119817445,53.15247384606164,24,3772/819200,476,4055,27.6393054202199,2.0,0.0,2,2,24,3772/819200,476,4055,27.6393054202199,52.761399787910925,27.253431685856594,2,126,24,3772/819200,476,4055,27.6393054202199,24,3772/819200,476,4055,27.6393054202199
-452.8084993377314,1251.9231025835447,-14218.055119817445,53.15247384606164,25,3877/819200,470,4115,27.49704987090081,2.0,0.0,2,2,25,3877/819200,470,4115,27.49704987090081,53.16275470724787,27.340516049329118,2,132,25,3877/819200,470,4115,27.49704987090081,25,3877/819200,470,4115,27.49704987090081
-457.6464858622271,1263.4962353099859,-14218.055119817445,63.149677602054815,26,4002/819200,475,4231,29.465968701057136,2.0,0.0,2,2,26,4002/819200,475,4231,29.465968701057136,53.748375812093954,27.383479985616024,2,132,26,4002/819200,475,4231,29.465968701057136,26,4002/819200,475,4231,29.465968701057136
-554.6945607974054,1769.6085597840306,-14218.055119817445,63.149677602054815,27,1395/819200,474,2212,32.157299196813256,2.0,0.0,2,2,27,1395/819200,474,2212,32.157299196813256,56.43655913978495,27.389807060525467,2,132,27,1395/819200,474,2212,32.157299196813256,27,1395/819200,474,2212,32.157299196813256
-661.0024969084902,1989.21642029129,-14218.055119817445,63.149677602054815,28,1102/819200,473,1361,14.969503373838961,2.0,0.0,2,2,28,1102/819200,473,1361,14.969503373838961,57.02540834845735,27.68662607960253,2,133,28,1102/819200,473,1361,14.969503373838961,28,1102/819200,473,1361,14.969503373838961
-736.8923236241208,2119.1244735867594,-14218.055119817445,81.90239528366806,29,1012/819200,476,1213,17.402230340987444,2.0,0.0,2,2,29,1012/819200,476,1213,17.402230340987444,58.176877470355734,27.76374315052042,2,133,29,1012/819200,476,1213,17.402230340987444,29,1012/819200,476,1213,17.402230340987444
-785.7113934053923,2210.9861361160906,-14218.055119817445,81.90239528366806,30,996/819200,480,1158,14.605297997128218,2.0,0.0,2,2,30,996/819200,480,1158,14.605297997128218,58.545180722891565,27.96826527185297,2,133,30,996/819200,480,1158,14.605297997128218,30,996/819200,480,1158,14.605297997128218
-820.4512204719206,2301.261701063312,-18693.138044434298,81.90239528366806,31,1003/819200,469,1185,15.597663989756256,2.0,0.0,2,2,31,1003/819200,469,1185,15.597663989756256,58.870388833499504,28.213492288389855,2,133,31,1003/819200,469,1185,15.597663989756256,31,1003/819200,469,1185,15.597663989756256
-864.7801752822262,2385.1713785069905,-18693.138044434298,81.90239528366806,32,1028/819200,468,1231,22.863214768003672,2.0,0.0,2,2,32,1028/819200,468,1231,22.863214768003672,59.259727626459146,28.115549042839042,2,132,32,1028/819200,468,1231,22.863214768003672,32,1028/819200,468,1231,22.863214768003672
-863.3558153530313,2386.317027185017,-18693.138044434298,81.90239528366806,33,1051/819200,475,1260,16.22656359197572,2.0,0.0,2,2,33,1051/819200,475,1260,16.22656359197572,59.67649857278782,28.275557379368085,2,132,33,1051/819200,475,1260,16.22656359197572,33,1051/819200,475,1260,16.22656359197572
-896.3797766600622,2440.941353876772,-18693.138044434298,81.90239528366806,34,1071/819200,473,1272,29.049970815889537,2.0,0.0,2,2,34,1071/819200,473,1272,29.049970815889537,59.81886087768441,28.30276583123515,2,132,34,1071/819200,473,1272,29.049970815889537,34,1071/819200,473,1272,29.049970815889537
-918.7474880020789,2473.9826138536755,-18693.138044434298,81.90239528366806,35,1086/819200,479,1233,16.50041955523193,2.0,0.0,2,2,35,1086/819200,479,1233,16.50041955523193,59.98066298342541,28.259136854594736,2,127,35,1086/819200,479,1233,16.50041955523193,35,1086/819200,479,1233,16.50041955523193
-954.4286592303029,2519.3605868508043,-18693.138044434298,81.90239528366806,36,1107/819200,470,1289,18.323156707920134,2.0,0.0,2,2,36,1107/819200,470,1289,18.323156707920134,60.203252032520325,28.553840936776137,2,128,36,1107/819200,470,1289,18.323156707920134,36,1107/819200,470,1289,18.323156707920134
-983.8380472954943,2573.701554493688,-18693.138044434298,81.90239528366806,37,1129/819200,472,1310,18.246657342184335,2.0,0.0,2,2,37,1129/819200,472,1310,18.246657342184335,60.82196634189548,28.76709589497923,2,128,37,1129/819200,472,1310,18.246657342184335,37,1129/819200,472,1310,18.246657342184335
-1035.0838659633569,2654.281435870916,-18693.138044434298,81.90239528366806,38,1156/819200,476,1315,21.004900647327304,2.0,0.0,2,2,38,1156/819200,476,1315,21.004900647327304,60.91349480968858,29.029685162920345,2,128,38,1156/819200,476,1315,21.004900647327304,38,1156/819200,476,1315,21.004900647327304
-1045.8538061465108,2663.4616042020343,-18693.138044434298,81.90239528366806,39,1170/819200,470,1333,16.134675218258053,2.0,0.0,2,2,39,1170/819200,470,1333,16.134675218258053,61.04871794871795,29.059358983126085,2,128,39,1170/819200,470,1333,16.134675218258053,39,1170/819200,470,1333,16.134675218258053
-1045.3272939709539,2656.0320721119124,-18693.138044434298,81.90239528366806,40,1197/819200,475,1379,21.48901232983917,2.0,0.0,2,2,40,1197/819200,475,1379,21.48901232983917,61.3984962406015,29.0660371803781,2,128,40,1197/819200,475,1379,21.48901232983917,40,1197/819200,475,1379,21.48901232983917
-1038.1971499254698,2644.3611809240415,-18693.138044434298,84.14618449824985,41,1218/819200,478,1383,22.24985471693799,2.0,0.0,2,2,41,1218/819200,478,1383,22.24985471693799,61.66584564860427,29.05061828896675,2,128,41,1218/819200,478,1383,22.24985471693799,41,1218/819200,478,1383,22.24985471693799
-1045.2296542670472,2646.7029232969935,-18693.138044434298,84.14618449824985,42,1232/819200,477,1366,15.833117408212274,2.0,0.0,2,2,42,1232/819200,477,1366,15.833117408212274,62.199675324675326,29.07425669715373,2,137,42,1232/819200,477,1366,15.833117408212274,42,1232/819200,477,1366,15.833117408212274
-1049.2564614411435,2642.7875141915706,-18693.138044434298,84.14618449824985,43,1247/819200,478,1385,17.73215588508174,2.0,0.0,2,2,43,1247/819200,478,1385,17.73215588508174,62.3616680032077,28.91308058879865,2,137,43,1247/819200,478,1385,17.73215588508174,43,1247/819200,478,1385,17.73215588508174
-1041.736251377055,2629.2301123672987,-18693.138044434298,84.14618449824985,44,1264/819200,469,1429,15.366864670999348,2.0,0.0,2,2,44,1264/819200,469,1429,15.366864670999348,62.688291139240505,28.923228624097625,2,137,44,1264/819200,469,1429,15.366864670999348,44,1264/819200,469,1429,15.366864670999348
-1047.180429660367,2632.4183148663756,-18693.138044434298,84.14618449824985,45,1277/819200,481,1402,18.542619334999472,2.0,0.0,2,2,45,1277/819200,481,1402,18.542619334999472,62.77133907595928,28.92142611991759,2,137,45,1277/819200,481,1402,18.542619334999472,45,1277/819200,481,1402,18.542619334999472
-1064.7514911694088,2648.5071535204106,-18693.138044434298,84.14618449824985,46,1292/819200,475,1433,19.715584754943848,2.0,0.0,2,2,46,1292/819200,475,1433,19.715584754943848,62.96517027863777,28.984027744430044,2,137,46,1292/819200,475,1433,19.715584754943848,46,1292/819200,475,1433,19.715584754943848
-1059.120953421348,2637.6083640128113,-18693.138044434298,84.14618449824985,47,1308/819200,475,1452,19.11400481266901,2.0,0.0,2,2,47,1308/819200,475,1452,19.11400481266901,63.265290519877674,29.03065637079651,2,137,47,1308/819200,475,1452,19.11400481266901,47,1308/819200,475,1452,19.11400481266901
-1078.1591939093069,2652.8807784342603,-18693.138044434298,84.14618449824985,48,1330/819200,473,1480,17.93369379499927,2.0,0.0,2,2,48,1330/819200,473,1480,17.93369379499927,63.53007518796993,29.02453327055052,2,137,48,1330/819200,473,1480,17.93369379499927,48,1330/819200,473,1480,17.93369379499927
-1085.3207456386194,2654.1112725501803,-18693.138044434298,84.14618449824985,49,1345/819200,462,1536,21.139585979282856,2.0,0.0,2,2,49,1345/819200,462,1536,21.139585979282856,63.75390334572491,29.07027176304472,2,137,49,1345/819200,462,1536,21.139585979282856,49,1345/819200,462,1536,21.139585979282856
-1082.6373627154337,2645.521377159394,-18693.138044434298,84.73676997104594,50,1370/819200,481,1504,22.56438004784286,2.0,0.0,2,2,50,1370/819200,481,1504,22.56438004784286,63.9985401459854,28.971166097037084,2,137,50,1370/819200,481,1504,22.56438004784286,50,1370/819200,481,1504,22.56438004784286
-1087.7665892619214,2661.053144278346,-18693.138044434298,84.73676997104594,51,1386/819200,475,1518,21.868645120877773,2.0,0.0,2,2,51,1386/819200,475,1518,21.868645120877773,64.37662337662337,29.034032409382338,2,137,51,1386/819200,475,1518,21.868645120877773,51,1386/819200,475,1518,21.868645120877773
-1099.6121229047205,2678.402976709078,-18693.138044434298,84.73676997104594,52,1398/819200,475,1521,22.101318520028144,2.0,0.0,2,2,52,1398/819200,475,1521,22.101318520028144,64.61516452074392,29.190570117269313,2,137,52,1398/819200,475,1521,22.101318520028144,52,1398/819200,475,1521,22.101318520028144
-1064.6482306556375,2770.9554420228587,-21090.880214258843,86.65077256832801,53,1361/819200,468,1519,18.775830798316747,2.0,0.0,2,2,53,1361/819200,468,1519,18.775830798316747,64.5789860396767,29.050208114183885,2,137,53,1361/819200,468,1519,18.775830798316747,53,1361/819200,468,1519,18.775830798316747
-1055.9652772581603,2762.637590731358,-21090.880214258843,86.65077256832801,54,1370/819200,476,1522,17.2890844210051,2.0,0.0,2,2,54,1370/819200,476,1522,17.2890844210051,64.71605839416058,29.063742515190484,2,137,54,1370/819200,476,1522,17.2890844210051,54,1370/819200,476,1522,17.2890844210051
-1103.452288882178,2817.8102818379693,-21090.880214258843,86.65077256832801,55,1377/819200,471,1543,29.577942026779056,2.0,0.0,2,2,55,1377/819200,471,1543,29.577942026779056,64.81844589687726,29.087709641637954,2,138,55,1377/819200,471,1543,29.577942026779056,55,1377/819200,471,1543,29.577942026779056
-1107.7756768687352,2848.5625189772263,-21090.880214258843,86.65077256832801,56,1405/819200,467,1549,21.70101939793676,2.0,0.0,2,2,56,1405/819200,467,1549,21.70101939793676,65.15587188612099,29.123114104255645,2,138,56,1405/819200,467,1549,21.70101939793676,56,1405/819200,467,1549,21.70101939793676
-1149.8294476171895,2892.275738751338,-21090.880214258843,86.65077256832801,57,1415/819200,477,1546,21.947373290080577,2.0,0.0,2,2,57,1415/819200,477,1546,21.947373290080577,65.34840989399294,29.12589019761831,2,138,57,1415/819200,477,1546,21.947373290080577,57,1415/819200,477,1546,21.947373290080577
-1175.7970804337492,2951.370805613365,-21817.873972812908,91.96384651260946,58,1447/819200,478,1581,29.103910443838686,2.0,0.0,2,2,58,1447/819200,478,1581,29.103910443838686,65.50103662750519,29.093559591537257,2,138,58,1447/819200,478,1581,29.103910443838686,58,1447/819200,478,1581,29.103910443838686
-1185.164822846679,2952.5596753891828,-21817.873972812908,91.96384651260946,59,1476/819200,481,1610,28.322584907058626,2.0,0.0,2,2,59,1476/819200,481,1610,28.322584907058626,65.82181571815718,29.016537401516885,2,138,59,1476/819200,481,1610,28.322584907058626,59,1476/819200,481,1610,28.322584907058626
-1231.7494737037903,3053.4725829653476,-21817.873972812908,91.96384651260946,60,1489/819200,465,1647,25.475992675404996,2.0,0.0,2,2,60,1489/819200,465,1647,25.475992675404996,66.07991940899933,28.96603566285369,2,138,60,1489/819200,465,1647,25.475992675404996,60,1489/819200,465,1647,25.475992675404996
-1285.9290309054356,3144.1333053399467,-21817.873972812908,100.50696954815841,61,1470/819200,483,1605,22.788646245840937,2.0,0.0,2,2,61,1470/819200,483,1605,22.788646245840937,65.84965986394558,28.95443023954283,2,138,61,1470/819200,483,1605,22.788646245840937,61,1470/819200,483,1605,22.788646245840937
-1325.3465445208478,3219.1033466024032,-21817.873972812908,100.50696954815841,62,1492/819200,471,1633,22.482973493169993,2.0,0.0,2,2,62,1492/819200,471,1633,22.482973493169993,66.04825737265415,28.996585329486997,2,150,62,1492/819200,471,1633,22.482973493169993,62,1492/819200,471,1633,22.482973493169993
-1362.1138982080752,3269.7702323443473,-21817.873972812908,100.50696954815841,63,1513/819200,486,1622,26.627547174226493,2.0,0.0,2,2,63,1513/819200,486,1622,26.627547174226493,66.16787838730998,28.89460940504202,2,150,63,1513/819200,486,1622,26.627547174226493,63,1513/819200,486,1622,26.627547174226493
-1373.71405860236,3283.872492912403,-21817.873972812908,100.50696954815841,64,1529/819200,481,1680,23.366286269854754,2.0,0.0,2,2,64,1529/819200,481,1680,23.366286269854754,66.20797907128842,28.792983197240147,2,150,64,1529/819200,481,1680,23.366286269854754,64,1529/819200,481,1680,23.366286269854754
-1388.6125190814125,3326.9659681811245,-21817.873972812908,100.50696954815841,65,1545/819200,481,1666,22.735592216718942,2.0,0.0,2,2,65,1545/819200,481,1666,22.735592216718942,66.36504854368933,28.876728434197116,2,150,65,1545/819200,481,1666,22.735592216718942,65,1545/819200,481,1666,22.735592216718942
-1422.7981067291198,3367.5903622341707,-21817.873972812908,100.50696954815841,66,1549/819200,473,1692,21.334009746089578,2.0,0.0,2,2,66,1549/819200,473,1692,21.334009746089578,66.54874112330536,28.91604876324284,2,150,66,1549/819200,473,1692,21.334009746089578,66,1549/819200,473,1692,21.334009746089578
-1434.7997586258293,3390.354518191793,-21817.873972812908,110.63339512341504,67,1592/819200,471,1730,29.21535727707669,2.0,0.0,2,2,67,1592/819200,471,1730,29.21535727707669,66.85050251256281,28.868032993143295,2,150,67,1592/819200,471,1730,29.21535727707669,67,1592/819200,471,1730,29.21535727707669
-1263.0229714511438,3198.7208891146206,-21817.873972812908,110.63339512341504,68,1893/819200,473,2048,28.48552967607975,2.0,0.0,2,2,68,1893/819200,473,2048,28.48552967607975,68.24933967247755,28.09291721617836,2,150,68,1893/819200,473,2048,28.48552967607975,68,1893/819200,473,2048,28.48552967607975
-1202.1786264063921,3120.943149225012,-21817.873972812908,110.63339512341504,69,2068/819200,472,2284,29.89940013177693,2.0,0.0,2,2,69,2068/819200,472,2284,29.89940013177693,68.70744680851064,27.819378094111105,2,150,69,2068/819200,472,2284,29.89940013177693,69,2068/819200,472,2284,29.89940013177693
-1187.2947830503135,3156.942603866155,-21817.873972812908,110.63339512341504,70,2182/819200,475,2395,31.110495685134083,2.0,0.0,2,2,70,2182/819200,475,2395,31.110495685134083,68.56186984417965,27.635899913995683,2,150,70,2182/819200,475,2395,31.110495685134083,70,2182/819200,475,2395,31.110495685134083
-1203.177166187835,3199.8581958283125,-21817.873972812908,110.63339512341504,71,2261/819200,478,2464,41.385712425690144,2.0,0.0,2,2,71,2261/819200,478,2464,41.385712425690144,68.72888102609465,27.55348467073923,2,150,71,2261/819200,478,2464,41.385712425690144,71,2261/819200,478,2464,41.385712425690144
-1203.56060732798,3207.3045308559017,-21817.873972812908,110.63339512341504,72,2323/819200,479,2513,28.768130621872842,2.0,0.0,2,2,72,2323/819200,479,2513,28.768130621872842,68.82953077916487,27.491872506086143,2,150,72,2323/819200,479,2513,28.768130621872842,72,2323/819200,479,2513,28.768130621872842
-1199.8902632688184,3201.438610935353,-21817.873972812908,110.63339512341504,73,2387/819200,474,2579,32.06848494010046,2.0,0.0,2,2,73,2387/819200,474,2579,32.06848494010046,69.06200251361541,27.235515082113135,2,150,73,2387/819200,474,2579,32.06848494010046,73,2387/819200,474,2579,32.06848494010046
-1194.2497136964173,3187.9868127678164,-21817.873972812908,110.63339512341504,74,2435/819200,470,2612,29.66140636522323,2.0,0.0,2,2,74,2435/819200,470,2612,29.66140636522323,69.3129363449692,27.382735178095892,2,152,74,2435/819200,470,2612,29.66140636522323,74,2435/819200,470,2612,29.66140636522323
-1199.7097449205712,3200.600176795138,-21817.873972812908,110.63339512341504,75,2500/819200,474,2691,33.51800038525835,2.0,0.0,2,2,75,2500/819200,474,2691,33.51800038525835,69.4936,27.369566292508182,2,152,75,2500/819200,474,2691,33.51800038525835,75,2500/819200,474,2691,33.51800038525835
-1240.9436963074616,3255.025665631437,-21817.873972812908,164.64582076366526,76,2476/819200,468,2717,36.585950557142496,2.0,0.0,2,2,76,2476/819200,468,2717,36.585950557142496,69.28513731825525,27.440453176624,2,152,76,2476/819200,468,2717,36.585950557142496,76,2476/819200,468,2717,36.585950557142496
-1394.7599806712406,3425.5626356630796,-21817.873972812908,164.64582076366526,77,1623/819200,472,1898,46.52007154887542,2.0,0.0,2,2,77,1623/819200,472,1898,46.52007154887542,67.84288354898337,28.139943120631987,2,152,77,1623/819200,472,1898,46.52007154887542,77,1623/819200,472,1898,46.52007154887542
-1545.248891018589,3636.4427855522167,-21817.873972812908,164.64582076366526,78,1543/819200,477,1699,33.693430684972554,2.0,0.0,2,2,78,1543/819200,477,1699,33.693430684972554,67.37135450421258,28.507713068342824,2,152,78,1543/819200,477,1699,33.693430684972554,78,1543/819200,477,1699,33.693430684972554
-1600.1302814348471,3730.424208648937,-21817.873972812908,164.64582076366526,79,1518/819200,472,1681,28.87529637105763,2.0,0.0,2,2,79,1518/819200,472,1681,28.87529637105763,67.5566534914361,28.511036485001767,2,150,79,1518/819200,472,1681,28.87529637105763,79,1518/819200,472,1681,28.87529637105763
-1621.6728505821488,3766.477042413534,-21817.873972812908,164.64582076366526,80,1518/819200,477,1653,28.42177288699895,2.0,0.0,2,2,80,1518/819200,477,1653,28.42177288699895,67.5737812911726,28.48795178493503,2,150,80,1518/819200,477,1653,28.42177288699895,80,1518/819200,477,1653,28.42177288699895
-1633.0636603622643,3798.5845951684187,-21817.873972812908,164.64582076366526,81,1534/819200,470,1689,21.30063212569803,2.0,0.0,2,2,81,1534/819200,470,1689,21.30063212569803,67.59387222946545,28.465995432403187,2,150,81,1534/819200,470,1689,21.30063212569803,81,1534/819200,470,1689,21.30063212569803
-1645.3192313288287,3820.1865523752376,-21817.873972812908,164.64582076366526,82,1566/819200,471,1704,32.02033140184358,2.0,0.0,2,2,82,1566/819200,471,1704,32.02033140184358,67.97445721583652,28.418162153080374,2,150,82,1566/819200,471,1704,32.02033140184358,82,1566/819200,471,1704,32.02033140184358
-1711.9845505912986,3924.323866128288,-21817.873972812908,164.64582076366526,83,1575/819200,476,1698,30.081248386763036,2.0,0.0,2,2,83,1575/819200,476,1698,30.081248386763036,68.13650793650794,28.469394882019355,2,150,83,1575/819200,476,1698,30.081248386763036,83,1575/819200,476,1698,30.081248386763036
-1712.7246928727016,3934.5112074636936,-21817.873972812908,164.64582076366526,84,1602/819200,469,1734,28.14238421805203,2.0,0.0,2,2,84,1602/819200,469,1734,28.14238421805203,68.53995006242197,28.467932582391867,2,150,84,1602/819200,469,1734,28.14238421805203,84,1602/819200,469,1734,28.14238421805203
-1728.039990697606,3969.12174253135,-21817.873972812908,164.64582076366526,85,1614/819200,477,1747,29.689764274749905,2.0,0.0,2,2,85,1614/819200,477,1747,29.689764274749905,68.51486988847584,28.460206605912486,2,150,85,1614/819200,477,1747,29.689764274749905,85,1614/819200,477,1747,29.689764274749905
-1746.9613462232662,4007.2265652585534,-21817.873972812908,164.64582076366526,86,1639/819200,477,1778,30.257572665810585,2.0,0.0,2,2,86,1639/819200,477,1778,30.257572665810585,68.83831604636974,28.43783189605556,2,150,86,1639/819200,477,1778,30.257572665810585,86,1639/819200,477,1778,30.257572665810585
-1790.6128689871211,4103.45833262508,-21817.873972812908,164.64582076366526,87,1661/819200,481,1795,34.782434821128845,2.0,0.0,2,2,87,1661/819200,481,1795,34.782434821128845,68.82119205298014,28.473863867834282,2,150,87,1661/819200,481,1795,34.782434821128845,87,1661/819200,481,1795,34.782434821128845
-1828.349243785892,4166.005844597315,-21817.873972812908,164.64582076366526,88,1678/819200,478,1812,28.22819564398378,2.0,0.0,2,2,88,1678/819200,478,1812,28.22819564398378,69.0357568533969,28.588151260345324,2,150,88,1678/819200,478,1812,28.22819564398378,88,1678/819200,478,1812,28.22819564398378
-1840.5039915336024,4198.511434427804,-21817.873972812908,164.64582076366526,89,1711/819200,478,1851,32.38811144698411,2.0,0.0,2,2,89,1711/819200,478,1851,32.38811144698411,69.2437171244886,28.586078136287977,2,150,89,1711/819200,478,1851,32.38811144698411,89,1711/819200,478,1851,32.38811144698411
-1864.9157458910145,4245.353169804549,-21817.873972812908,164.64582076366526,90,1741/819200,465,1886,30.891971793025732,2.0,0.0,2,2,90,1741/819200,465,1886,30.891971793025732,69.48879954049397,28.54866791537085,2,154,90,1741/819200,465,1886,30.891971793025732,90,1741/819200,465,1886,30.891971793025732
-1877.8657479530436,4266.156178271084,-21817.873972812908,164.64582076366526,91,1752/819200,473,1905,36.492883696220815,2.0,0.0,2,2,91,1752/819200,473,1905,36.492883696220815,69.4703196347032,28.50036506035726,2,154,91,1752/819200,473,1905,36.492883696220815,91,1752/819200,473,1905,36.492883696220815
-1890.7531369868248,4298.96610797497,-21817.873972812908,164.64582076366526,92,1784/819200,476,1941,32.79653912503272,2.0,0.0,2,2,92,1784/819200,476,1941,32.79653912503272,69.50504484304933,28.496734477740603,2,154,92,1784/819200,476,1941,32.79653912503272,92,1784/819200,476,1941,32.79653912503272
-1944.3781432352437,4380.582734324338,-21817.873972812908,164.64582076366526,93,1802/819200,475,1936,29.505113733932376,2.0,0.0,2,2,93,1802/819200,475,1936,29.505113733932376,69.78523862375138,28.62197536082566,2,154,93,1802/819200,475,1936,29.505113733932376,93,1802/819200,475,1936,29.505113733932376
-1965.8583693820153,4403.362795048794,-21817.873972812908,164.64582076366526,94,1827/819200,482,1953,33.45981500064954,2.0,0.0,2,2,94,1827/819200,482,1953,33.45981500064954,69.90366721401205,28.547936864075123,2,155,94,1827/819200,482,1953,33.45981500064954,94,1827/819200,482,1953,33.45981500064954
-1997.531970679212,4447.492808906005,-21817.873972812908,164.64582076366526,95,1840/819200,471,1988,36.58282382693142,2.0,0.0,2,2,95,1840/819200,471,1988,36.58282382693142,69.92010869565217,28.503120118855836,2,170,95,1840/819200,471,1988,36.58282382693142,95,1840/819200,471,1988,36.58282382693142
-2016.755176471254,4489.627957718688,-21817.873972812908,164.64582076366526,96,1876/819200,477,2007,37.58447846537456,2.0,0.0,2,2,96,1876/819200,477,2007,37.58447846537456,70.12953091684435,28.537966369617795,2,170,96,1876/819200,477,2007,37.58447846537456,96,1876/819200,477,2007,37.58447846537456
-2050.107217133852,4542.807126317993,-21817.873972812908,164.64582076366526,97,1900/819200,474,2038,34.350490079727024,2.0,0.0,2,2,97,1900/819200,474,2038,34.350490079727024,70.12526315789474,28.441391143787357,2,170,97,1900/819200,474,2038,34.350490079727024,97,1900/819200,474,2038,34.350490079727024
-2073.428447005849,4578.6235765789215,-21817.873972812908,164.64582076366526,98,1924/819200,475,2070,40.30525510665029,2.0,0.0,2,2,98,1924/819200,475,2070,40.30525510665029,69.99636174636174,28.42019294833325,2,170,98,1924/819200,475,2070,40.30525510665029,98,1924/819200,475,2070,40.30525510665029
-2128.8255610751276,4679.978105114567,-21817.873972812908,164.64582076366526,99,1948/819200,482,2076,35.31026921886951,2.0,0.0,2,2,99,1948/819200,482,2076,35.31026921886951,70.06057494866529,28.264634342140287,2,170,99,1948/819200,482,2076,35.31026921886951,99,1948/819200,482,2076,35.31026921886951
-2148.153404129388,4725.094389022555,-21817.873972812908,164.64582076366526,100,1968/819200,479,2111,35.08142623724416,2.0,0.0,2,2,100,1968/819200,479,2111,35.08142623724416,70.15904471544715,28.28473132127473,2,170,100,1968/819200,479,2111,35.08142623724416,100,1968/819200,479,2111,35.08142623724416
-2171.9522270811185,4775.147414829259,-21817.873972812908,164.64582076366526,101,1999/819200,469,2166,36.99293335992843,2.0,0.0,2,2,101,1999/819200,469,2166,36.99293335992843,70.37218609304652,28.412077887023962,2,170,101,1999/819200,469,2166,36.99293335992843,101,1999/819200,469,2166,36.99293335992843
-2217.2770299535337,4843.291611329576,-22025.124747747624,164.64582076366526,102,2013/819200,479,2154,33.076119896024466,2.0,0.0,2,2,102,2013/819200,479,2154,33.076119896024466,70.3859910581222,28.36919578035239,2,170,102,2013/819200,479,2154,33.076119896024466,102,2013/819200,479,2154,33.076119896024466
-2255.0336178145394,4896.253524625774,-22083.197774475993,164.64582076366526,103,2046/819200,477,2190,41.43723762687296,2.0,0.0,2,2,103,2046/819200,477,2190,41.43723762687296,70.55376344086021,28.295411221577858,2,170,103,2046/819200,477,2190,41.43723762687296,103,2046/819200,477,2190,41.43723762687296
-2291.5614863931796,4956.674853012696,-22083.197774475993,164.64582076366526,104,2063/819200,475,2213,33.38287165900692,2.0,0.0,2,2,104,2063/819200,475,2213,33.38287165900692,70.74600096946195,28.279839953549082,2,170,104,2063/819200,475,2213,33.38287165900692,104,2063/819200,475,2213,33.38287165900692
-2327.702877233577,5012.2600276697385,-22083.197774475993,164.64582076366526,105,2081/819200,468,2241,42.58039639564231,2.0,0.0,2,2,105,2081/819200,468,2241,42.58039639564231,70.46468044209514,28.09171542890937,2,170,105,2081/819200,468,2241,42.58039639564231,105,2081/819200,468,2241,42.58039639564231
-2347.9729540847857,5039.844523383436,-22083.197774475993,164.64582076366526,106,2110/819200,467,2261,39.563440585974604,2.0,0.0,2,2,106,2110/819200,467,2261,39.563440585974604,70.52748815165877,28.04032223320201,2,170,106,2110/819200,467,2261,39.563440585974604,106,2110/819200,467,2261,39.563440585974604
-2373.4888116086877,5066.462641815887,-22083.197774475993,164.64582076366526,107,2117/819200,473,2262,36.25516042392701,2.0,0.0,2,2,107,2117/819200,473,2262,36.25516042392701,70.7113840340104,28.10553241130977,2,170,107,2117/819200,473,2262,36.25516042392701,107,2117/819200,473,2262,36.25516042392701
-2364.4635310980316,5050.752189061756,-22083.197774475993,164.64582076366526,108,2168/819200,478,2327,34.89521157601848,2.0,0.0,2,2,108,2168/819200,478,2327,34.89521157601848,71.02813653136532,28.071331810055167,2,170,108,2168/819200,478,2327,34.89521157601848,108,2168/819200,478,2327,34.89521157601848
-2378.871220419334,5064.471904579771,-22083.197774475993,164.64582076366526,109,2202/819200,482,2328,50.38514174381271,2.0,0.0,2,2,109,2202/819200,482,2328,50.38514174381271,71.00408719346049,27.98547179870677,2,170,109,2202/819200,482,2328,50.38514174381271,109,2202/819200,482,2328,50.38514174381271
-2419.6737203134057,5106.999994256879,-22083.197774475993,164.64582076366526,110,2218/819200,471,2370,37.68188229575753,2.0,0.0,2,2,110,2218/819200,471,2370,37.68188229575753,71.11722272317402,27.93131729913417,2,170,110,2218/819200,471,2370,37.68188229575753,110,2218/819200,471,2370,37.68188229575753
-2433.184709902777,5124.377413360044,-22083.197774475993,164.64582076366526,111,2233/819200,469,2389,41.17070850310847,2.0,0.0,2,2,111,2233/819200,469,2389,41.17070850310847,71.23734885803852,27.977377185355053,2,170,111,2233/819200,469,2389,41.17070850310847,111,2233/819200,469,2389,41.17070850310847
-2440.629279971042,5147.789931289905,-22083.197774475993,164.64582076366526,112,2265/819200,475,2416,43.089347233995795,2.0,0.0,2,2,112,2265/819200,475,2416,43.089347233995795,71.29845474613687,27.828426115043708,2,170,112,2265/819200,475,2416,43.089347233995795,112,2265/819200,475,2416,43.089347233995795
-2463.116644390909,5186.983370499229,-22083.197774475993,164.64582076366526,113,2303/819200,473,2443,45.767119327094406,2.0,0.0,2,2,113,2303/819200,473,2443,45.767119327094406,71.61528441163699,27.807329337971773,2,170,113,2303/819200,473,2443,45.767119327094406,113,2303/819200,473,2443,45.767119327094406
-2489.888723571054,5235.41929493679,-22083.197774475993,164.64582076366526,114,2338/819200,465,2490,44.81290013901889,2.0,0.0,2,2,114,2338/819200,465,2490,44.81290013901889,72.01283147989734,27.98187436554671,2,183,114,2338/819200,465,2490,44.81290013901889,114,2338/819200,465,2490,44.81290013901889
-2527.3836898516493,5275.275383103895,-22083.197774475993,171.62038742118975,115,2351/819200,472,2523,50.38438371103257,2.0,0.0,2,2,115,2351/819200,472,2523,50.38438371103257,72.01105912377712,28.02980209323865,2,183,115,2351/819200,472,2523,50.38438371103257,115,2351/819200,472,2523,50.38438371103257
-2578.8228541956637,5322.936573497014,-22083.197774475993,209.67185666043554,116,2371/819200,465,2558,48.4867410780862,2.0,0.0,2,2,116,2371/819200,465,2558,48.4867410780862,71.91649093209617,27.88724862160246,2,170,116,2371/819200,465,2558,48.4867410780862,116,2371/819200,465,2558,48.4867410780862
-2587.146037457293,5338.681043279045,-22083.197774475993,209.67185666043554,117,2395/819200,480,2553,45.771386604290456,2.0,0.0,2,2,117,2395/819200,480,2553,45.771386604290456,72.21628392484342,27.875026535478394,2,170,117,2395/819200,480,2553,45.771386604290456,117,2395/819200,480,2553,45.771386604290456
-2583.6114533819186,5348.005012667467,-22083.197774475993,209.67185666043554,118,2437/819200,478,2591,43.97062262892723,2.0,0.0,2,2,118,2437/819200,478,2591,43.97062262892723,72.23881821912187,27.781646165830605,2,170,118,2437/819200,478,2591,43.97062262892723,118,2437/819200,478,2591,43.97062262892723
-2585.4115577763455,5352.737699208928,-22083.197774475993,209.67185666043554,119,2468/819200,469,2635,46.47641375195235,2.0,0.0,2,2,119,2468/819200,469,2635,46.47641375195235,72.44529983792545,27.74504508071383,2,170,119,2468/819200,469,2635,46.47641375195235,119,2468/819200,469,2635,46.47641375195235
-2602.3527150123764,5374.654338862031,-22083.197774475993,209.67185666043554,120,2481/819200,474,2662,52.656216787640005,2.0,0.0,2,2,120,2481/819200,474,2662,52.656216787640005,72.77791213220476,28.05302911266711,2,170,120,2481/819200,474,2662,52.656216787640005,120,2481/819200,474,2662,52.656216787640005
-2571.7911877813244,5347.953904252536,-22083.197774475993,209.67185666043554,121,2519/819200,474,2687,59.34873913321644,2.0,0.0,2,2,121,2519/819200,474,2687,59.34873913321644,73.00277888050813,28.214984380781,2,170,121,2519/819200,474,2687,59.34873913321644,121,2519/819200,474,2687,59.34873913321644
-2573.436446797449,5343.182733330087,-22083.197774475993,238.51940216356104,122,2547/819200,481,2713,53.92025115387514,2.0,0.0,2,2,122,2547/819200,481,2713,53.92025115387514,73.30427954456223,28.30341511490188,2,186,122,2547/819200,481,2713,53.92025115387514,122,2547/819200,481,2713,53.92025115387514
-2571.6415711669038,5340.974212620471,-22083.197774475993,238.51940216356104,123,2585/819200,482,2727,55.40057966904715,2.0,0.0,2,2,123,2585/819200,482,2727,55.40057966904715,73.50406189555126,28.246799906733223,2,170,123,2585/819200,482,2727,55.40057966904715,123,2585/819200,482,2727,55.40057966904715
-2585.713388402557,5365.5386772087,-22083.197774475993,238.51940216356104,124,2604/819200,477,2756,53.318641408812255,2.0,0.0,2,2,124,2604/819200,477,2756,53.318641408812255,73.64823348694317,28.274356585977582,2,170,124,2604/819200,477,2756,53.318641408812255,124,2604/819200,477,2756,53.318641408812255
-2574.749705998453,5355.499414231701,-22083.197774475993,238.51940216356104,125,2643/819200,474,2809,65.0873740632087,2.0,0.0,2,2,125,2643/819200,474,2809,65.0873740632087,73.75671585319712,28.200410879584297,2,170,125,2643/819200,474,2809,65.0873740632087,125,2643/819200,474,2809,65.0873740632087
-2573.425033424405,5359.959688936184,-22083.197774475993,247.667825273292,126,2683/819200,475,2849,67.46659064199775,2.0,0.0,2,2,126,2683/819200,475,2849,67.46659064199775,74.06075288855759,28.225049324092137,2,170,126,2683/819200,475,2849,67.46659064199775,126,2683/819200,475,2849,67.46659064199775
-1725.9981206230964,4640.947767071644,-22025.124747747624,247.667825273292,127,2250/819200,481,2394,67.92405709717423,2.0,0.0,2,2,127,2250/819200,481,2394,67.92405709717423,76.41466666666666,27.70278859609624,2,170,127,2250/819200,481,2394,67.92405709717423,127,2250/819200,481,2394,67.92405709717423
-1737.748872323894,4673.288435999777,-22025.124747747624,247.667825273292,128,2302/819200,481,2455,72.01166002405807,2.0,0.0,2,2,128,2302/819200,481,2455,72.01166002405807,76.71980886185925,27.89841536372775,2,185,128,2302/819200,481,2455,72.01166002405807,128,2302/819200,481,2455,72.01166002405807
-1758.899371854157,4701.36327427103,-22025.124747747624,247.667825273292,129,2325/819200,474,2512,66.38467095792294,2.0,0.0,2,2,129,2325/819200,474,2512,66.38467095792294,76.77763440860215,28.032301161026222,2,185,129,2325/819200,474,2512,66.38467095792294,129,2325/819200,474,2512,66.38467095792294
-1782.989564654932,4740.528583715832,-22025.124747747624,247.667825273292,130,2379/819200,467,2559,69.47766968794167,2.0,0.0,2,2,130,2379/819200,467,2559,69.47766968794167,76.73476250525431,27.625913622249364,2,185,130,2379/819200,467,2559,69.47766968794167,130,2379/819200,467,2559,69.47766968794167
-1818.0923232941761,4810.059875641867,-22025.124747747624,247.667825273292,131,2424/819200,472,2597,65.21354979136959,2.0,0.0,2,2,131,2424/819200,472,2597,65.21354979136959,76.93605610561056,27.624150366221183,2,185,131,2424/819200,472,2597,65.21354979136959,131,2424/819200,472,2597,65.21354979136959
-1866.6284207213764,4879.869548431344,-22025.124747747624,247.667825273292,132,2455/819200,470,2628,73.20074298186228,2.0,0.0,2,2,132,2455/819200,470,2628,73.20074298186228,77.26395112016293,27.74258279380149,2,185,132,2455/819200,470,2628,73.20074298186228,132,2455/819200,470,2628,73.20074298186228
-1919.8177101728613,4957.997675547324,-22025.124747747624,247.667825273292,133,2495/819200,480,2672,74.03836575197056,2.0,0.0,2,2,133,2495/819200,480,2672,74.03836575197056,77.36793587174348,27.881845142044416,2,185,133,2495/819200,480,2672,74.03836575197056,133,2495/819200,480,2672,74.03836575197056
-1931.319698938193,4957.982407369266,-22025.124747747624,250.7900439124829,134,2534/819200,473,2704,72.618831127882,2.0,0.0,2,2,134,2534/819200,473,2704,72.618831127882,77.56866614048934,27.90971994272949,2,185,134,2534/819200,473,2704,72.618831127882,134,2534/819200,473,2704,72.618831127882
-1199.5639959688908,3989.992480531692,-21998.353921738253,250.7900439124829,135,2316/819200,475,2457,82.44176820013672,2.0,0.0,2,2,135,2316/819200,475,2457,82.44176820013672,79.41450777202073,27.812582673715088,4,185,135,2316/819200,475,2457,82.44176820013672,135,2316/819200,475,2457,82.44176820013672
-1233.692571237805,4051.712660675773,-21998.353921738253,250.7900439124829,136,2349/819200,474,2544,71.16986577492207,2.0,0.0,2,2,136,2349/819200,474,2544,71.16986577492207,79.34653043848446,27.646663160639637,4,185,136,2349/819200,474,2544,71.16986577492207,136,2349/819200,474,2544,71.16986577492207
-1239.7550651588595,4068.475568765888,-21998.353921738253,250.7900439124829,137,2401/819200,478,2591,78.81453333981335,2.0,0.0,2,2,137,2401/819200,478,2591,78.81453333981335,79.53394418992086,27.682373827399942,4,185,137,2401/819200,478,2591,78.81453333981335,137,2401/819200,478,2591,78.81453333981335
-1259.1391189984652,4094.7901293378713,-21998.353921738253,250.7900439124829,138,2440/819200,476,2624,82.22373450919986,2.0,0.0,2,2,138,2440/819200,476,2624,82.22373450919986,79.75368852459016,27.82606225273614,4,185,138,2440/819200,476,2624,82.22373450919986,138,2440/819200,476,2624,82.22373450919986
-1322.5335776073773,4213.185611885614,-21998.353921738253,250.7900439124829,139,2486/819200,463,2691,72.86969777196646,2.0,0.0,2,2,139,2486/819200,463,2691,72.86969777196646,79.96661303298471,27.88401322327789,4,185,139,2486/819200,463,2691,72.86969777196646,139,2486/819200,463,2691,72.86969777196646
-1344.2668045204914,4258.590974763568,-21998.353921738253,250.7900439124829,140,2555/819200,471,2728,77.60506054526195,2.0,0.0,2,2,140,2555/819200,471,2728,77.60506054526195,80.05283757338552,27.85981026769026,4,185,140,2555/819200,471,2728,77.60506054526195,140,2555/819200,471,2728,77.60506054526195
-1394.186355597632,4344.0222902515725,-21998.353921738253,258.66545345261795,141,2593/819200,482,2767,88.50514362799004,2.0,0.0,2,2,141,2593/819200,482,2767,88.50514362799004,80.29309679907443,27.987995652926337,4,185,141,2593/819200,482,2767,88.50514362799004,141,2593/819200,482,2767,88.50514362799004
-1447.8485890192635,4454.321356956244,-21998.353921738253,258.66545345261795,142,2648/819200,473,2830,84.07128652418032,2.0,0.0,2,2,142,2648/819200,473,2830,84.07128652418032,80.27832326283988,27.801301044856512,4,185,142,2648/819200,473,2830,84.07128652418032,142,2648/819200,473,2830,84.07128652418032
-1461.8322882403222,4472.2724102071825,-21998.353921738253,258.66545345261795,143,2698/819200,482,2877,99.72524413606152,2.0,0.0,2,2,143,2698/819200,482,2877,99.72524413606152,80.27390659747961,27.854970843212666,4,185,143,2698/819200,482,2877,99.72524413606152,143,2698/819200,482,2877,99.72524413606152
-1475.6522731435753,4495.409273108691,-21998.353921738253,258.66545345261795,144,2740/819200,470,2927,84.33261429099366,2.0,0.0,2,2,144,2740/819200,470,2927,84.33261429099366,80.46715328467154,27.978524375005577,4,185,144,2740/819200,470,2927,84.33261429099366,144,2740/819200,470,2927,84.33261429099366
-1457.6284843416797,4476.878602247822,-21998.353921738253,258.66545345261795,145,2823/819200,474,2992,81.52749096602201,2.0,0.0,2,2,145,2823/819200,474,2992,81.52749096602201,80.6663124335813,27.942958865585606,4,185,145,2823/819200,474,2992,81.52749096602201,145,2823/819200,474,2992,81.52749096602201
-1489.1669092819566,4539.960221702966,-21998.353921738253,258.66545345261795,146,2891/819200,478,3070,94.86119284015149,2.0,0.0,2,2,146,2891/819200,478,3070,94.86119284015149,80.84676582497406,27.95723074700573,4,185,146,2891/819200,478,3070,94.86119284015149,146,2891/819200,478,3070,94.86119284015149
-1510.1214240609565,4577.680825454811,-21998.353921738253,265.1646738095542,147,2932/819200,471,3143,91.92809212487191,2.0,0.0,2,2,147,2932/819200,471,3143,91.92809212487191,80.90620736698499,27.90751148857537,4,185,147,2932/819200,471,3143,91.92809212487191,147,2932/819200,471,3143,91.92809212487191
-1563.6352230303112,4670.70617810684,-21998.353921738253,265.1646738095542,148,2966/819200,475,3149,89.086993903853,2.0,0.0,2,2,148,2966/819200,475,3149,89.086993903853,80.77545515846258,27.907469527107825,4,185,148,2966/819200,475,3149,89.086993903853,148,2966/819200,475,3149,89.086993903853
-1573.4333608136822,4681.808809048417,-21998.353921738253,265.1646738095542,149,3020/819200,475,3213,82.25308118201792,2.0,0.0,2,2,149,3020/819200,475,3213,82.25308118201792,81.10695364238411,28.209448736274048,4,185,149,3020/819200,475,3213,82.25308118201792,149,3020/819200,475,3213,82.25308118201792
-1598.8128522423165,4725.15761662955,-21998.353921738253,265.1646738095542,150,3082/819200,476,3260,85.27048820490018,2.0,0.0,2,2,150,3082/819200,476,3260,85.27048820490018,81.2774172615185,28.339852588266226,4,185,150,3082/819200,476,3260,85.27048820490018,150,3082/819200,476,3260,85.27048820490018
-1576.1040138947017,4695.806758230419,-21998.353921738253,265.1646738095542,151,3162/819200,479,3337,93.20729516400024,2.0,0.0,2,2,151,3162/819200,479,3337,93.20729516400024,81.42156862745098,28.36552687342437,4,185,151,3162/819200,479,3337,93.20729516400024,151,3162/819200,479,3337,93.20729516400024
-1564.2014933232151,4674.485016893328,-21998.353921738253,265.91371637063213,152,3246/819200,471,3437,88.45766681386158,2.0,0.0,2,2,152,3246/819200,471,3437,88.45766681386158,81.56500308071473,28.30527288873219,4,185,152,3246/819200,471,3437,88.45766681386158,152,3246/819200,471,3437,88.45766681386158
-1587.5716169099662,4727.1965349784905,-21998.353921738253,265.91371637063213,153,3277/819200,476,3482,93.89998404774815,2.0,0.0,2,2,153,3277/819200,476,3482,93.89998404774815,81.43545926151968,28.371191444982998,4,185,153,3277/819200,476,3482,93.89998404774815,153,3277/819200,476,3482,93.89998404774815
-1606.959916187313,4770.638342109061,-21998.353921738253,265.91371637063213,154,3334/819200,476,3531,102.4769763420336,2.0,0.0,2,2,154,3334/819200,476,3531,102.4769763420336,81.67846430713857,28.585695124100624,4,190,154,3334/819200,476,3531,102.4769763420336,154,3334/819200,476,3531,102.4769763420336
-1616.4531430223942,4802.180833621036,-22003.275118484173,268.8123157752198,155,3408/819200,469,3598,97.54158127261326,2.0,0.0,2,2,155,3408/819200,469,3598,97.54158127261326,81.70158450704226,28.395696581415244,4,190,155,3408/819200,469,3598,97.54158127261326,155,3408/819200,469,3598,97.54158127261326
-1623.4919188727204,4819.70960460005,-22003.275118484173,268.8123157752198,156,3464/819200,466,3659,105.3012140863575,2.0,0.0,2,2,156,3464/819200,466,3659,105.3012140863575,81.78926096997691,28.326016492057935,4,190,156,3464/819200,466,3659,105.3012140863575,156,3464/819200,466,3659,105.3012140863575
-915.4112335446383,3810.676779280532,-21861.699838566386,270.53429322283495,157,3256/819200,477,3415,95.69267788063735,2.0,0.0,2,2,157,3256/819200,477,3415,95.69267788063735,83.62070024570025,28.209403462953627,4,192,157,3256/819200,477,3415,95.69267788063735,157,3256/819200,477,3415,95.69267788063735
-922.9181774664019,3850.2669938108425,-21861.699838566386,270.53429322283495,158,3336/819200,477,3548,96.72813490126282,2.0,0.0,2,2,158,3336/819200,477,3548,96.72813490126282,83.51618705035972,28.227159257601198,4,192,158,3336/819200,477,3548,96.72813490126282,158,3336/819200,477,3548,96.72813490126282
-946.2860700818643,3896.2836093176475,-21861.699838566386,270.53429322283495,159,3404/819200,477,3630,100.25418167188764,2.0,0.0,2,2,159,3404/819200,477,3630,100.25418167188764,83.40334900117509,27.877466070620933,4,192,159,3404/819200,477,3630,100.25418167188764,159,3404/819200,477,3630,100.25418167188764
-986.3653112974104,3970.12577572594,-21861.699838566386,273.2971800202487,160,3456/819200,467,3682,106.88733859919012,2.0,0.0,2,2,160,3456/819200,467,3682,106.88733859919012,83.0949074074074,27.771924055278692,4,192,160,3456/819200,467,3682,106.88733859919012,160,3456/819200,467,3682,106.88733859919012
-611.9408483077705,3284.269267189421,-21861.699838566386,273.2971800202487,161,3410/819200,469,3581,97.91549342079088,2.0,0.0,2,2,161,3410/819200,469,3581,97.91549342079088,84.19296187683284,27.3426129729615,4,192,161,3410/819200,469,3581,97.91549342079088,161,3410/819200,469,3581,97.91549342079088
-689.9343815224746,3491.1081360960043,-21861.699838566386,273.2971800202487,162,3447/819200,469,3681,106.2262628627941,2.0,0.0,2,2,162,3447/819200,469,3681,106.2262628627941,83.82013344937627,27.300254255788484,4,192,162,3447/819200,469,3681,106.2262628627941,162,3447/819200,469,3681,106.2262628627941
-751.6333097658367,3605.3067599192036,-21861.699838566386,273.2971800202487,163,3518/819200,485,3722,107.8187510650605,2.0,0.0,2,2,163,3518/819200,485,3722,107.8187510650605,83.83115406480955,27.243661375404727,4,192,163,3518/819200,485,3722,107.8187510650605,163,3518/819200,485,3722,107.8187510650605
-839.5449651828056,3802.2718364560596,-21861.699838566386,273.2971800202487,164,3603/819200,477,3802,93.1761636659503,2.0,0.0,2,2,164,3603/819200,477,3802,93.1761636659503,83.47266167082986,26.97167055005119,4,192,164,3603/819200,477,3802,93.1761636659503,164,3603/819200,477,3802,93.1761636659503
-892.4286250933264,3900.0764992480795,-21861.699838566386,273.2971800202487,165,3658/819200,484,3870,107.32047736924142,2.0,0.0,2,2,165,3658/819200,484,3870,107.32047736924142,83.35620557681793,26.78221944370219,4,192,165,3658/819200,484,3870,107.32047736924142,165,3658/819200,484,3870,107.32047736924142
-941.6562241464102,4006.522273568571,-21893.543248742077,273.2971800202487,166,3735/819200,482,3924,107.49605114199221,2.0,0.0,2,2,166,3735/819200,482,3924,107.49605114199221,83.10307898259705,26.525486289908386,4,192,166,3735/819200,482,3924,107.49605114199221,166,3735/819200,482,3924,107.49605114199221
-983.7202762626858,4093.514350351492,-22010.23283314823,273.2971800202487,167,3788/819200,468,3999,96.58650615531951,2.0,0.0,2,2,167,3788/819200,468,3999,96.58650615531951,82.90417106652588,26.256855162099498,4,192,167,3788/819200,468,3999,96.58650615531951,167,3788/819200,468,3999,96.58650615531951
-1037.8934267861998,4197.634616639525,-22010.23283314823,273.2971800202487,168,3847/819200,477,4048,102.590290653985,2.0,0.0,2,2,168,3847/819200,477,4048,102.590290653985,82.76787106836495,26.184840694771598,4,192,168,3847/819200,477,4048,102.590290653985,168,3847/819200,477,4048,102.590290653985
-1075.8779307996322,4267.461103938026,-22010.23283314823,273.2971800202487,169,3909/819200,475,4121,101.51942672999576,2.0,0.0,2,2,169,3909/819200,475,4121,101.51942672999576,82.62778204144283,26.110101132291216,4,192,169,3909/819200,475,4121,101.51942672999576,169,3909/819200,475,4121,101.51942672999576
-1127.391168357058,4359.2139915992575,-22010.23283314823,273.2971800202487,170,3949/819200,471,4179,102.23190473904833,2.0,0.0,2,2,170,3949/819200,471,4179,102.23190473904833,82.46087617118258,25.92183550953618,4,192,170,3949/819200,471,4179,102.23190473904833,170,3949/819200,471,4179,102.23190473904833
-1153.5462734042321,4397.064486729368,-22010.23283314823,274.78330157884847,171,4020/819200,478,4223,99.38183452002704,2.0,0.0,2,2,171,4020/819200,478,4223,99.38183452002704,82.47537313432836,25.820594974956926,4,192,171,4020/819200,478,4223,99.38183452002704,171,4020/819200,478,4223,99.38183452002704
-1193.9298383920955,4458.438887178627,-22010.23283314823,274.78330157884847,172,4063/819200,490,4285,110.190553936176,2.0,0.0,2,2,172,4063/819200,490,4285,110.190553936176,82.3123307900566,25.681969109546323,4,192,172,4063/819200,490,4285,110.190553936176,172,4063/819200,490,4285,110.190553936176
-1229.6037832802547,4529.024312595664,-22010.23283314823,274.78330157884847,173,4129/819200,471,4356,99.96937076700851,2.0,0.0,2,2,173,4129/819200,471,4356,99.96937076700851,82.07362557519981,25.469985840071093,4,192,173,4129/819200,471,4356,99.96937076700851,173,4129/819200,471,4356,99.96937076700851
-1268.7158710002727,4599.110958358666,-22010.23283314823,274.78330157884847,174,4193/819200,483,4401,107.65678832866251,2.0,0.0,2,2,174,4193/819200,483,4401,107.65678832866251,82.12735511566898,25.536289336287584,4,192,174,4193/819200,483,4401,107.65678832866251,174,4193/819200,483,4401,107.65678832866251
-1287.2166637315547,4629.737473972311,-22010.23283314823,274.78330157884847,175,4240/819200,480,4457,107.49946625577286,2.0,0.0,2,2,175,4240/819200,480,4457,107.49946625577286,82.17287735849057,25.531594748469068,4,192,175,4240/819200,480,4457,107.49946625577286,175,4240/819200,480,4457,107.49946625577286
-1343.602398137126,4733.659920159508,-22077.83872710093,274.78330157884847,176,4305/819200,465,4511,109.03363345796242,2.0,0.0,2,2,176,4305/819200,465,4511,109.03363345796242,82.15447154471545,25.54542435201819,4,192,176,4305/819200,465,4511,109.03363345796242,176,4305/819200,465,4511,109.03363345796242
-1381.5081968719026,4778.21053516262,-22077.83872710093,274.78330157884847,177,4381/819200,470,4601,103.849022179842,2.0,0.0,2,2,177,4381/819200,470,4601,103.849022179842,82.08765122118238,25.544043099171517,4,192,177,4381/819200,470,4601,103.849022179842,177,4381/819200,470,4601,103.849022179842
-1393.6626110976426,4800.781046838948,-22077.83872710093,274.78330157884847,178,4447/819200,476,4644,113.08887372212484,2.0,0.0,2,2,178,4447/819200,476,4644,113.08887372212484,82.10681358219024,25.593333575999285,4,192,178,4447/819200,476,4644,113.08887372212484,178,4447/819200,476,4644,113.08887372212484
-1416.0263760640248,4843.420938677881,-22077.83872710093,274.78330157884847,179,4497/819200,472,4718,112.16235187556595,2.0,0.0,2,2,179,4497/819200,472,4718,112.16235187556595,82.185234600845,25.615408327406012,4,192,179,4497/819200,472,4718,112.16235187556595,179,4497/819200,472,4718,112.16235187556595
-1433.6763943970043,4878.434566919292,-22077.83872710093,274.78330157884847,180,4558/819200,474,4759,101.27614206029102,2.0,0.0,2,2,180,4558/819200,474,4759,101.27614206029102,82.21149627029399,25.564534817894483,4,197,180,4558/819200,474,4759,101.27614206029102,180,4558/819200,474,4759,101.27614206029102
-1470.5399974701752,4933.977323039889,-22077.83872710093,274.78330157884847,181,4600/819200,476,4803,113.22968112118542,2.0,0.0,2,2,181,4600/819200,476,4803,113.22968112118542,82.2108695652174,25.619292393079814,4,197,181,4600/819200,476,4803,113.22968112118542,181,4600/819200,476,4803,113.22968112118542
-1487.4833753890532,4964.860823148962,-22077.83872710093,274.78330157884847,182,4668/819200,474,4867,109.33829860715196,2.0,0.0,2,2,182,4668/819200,474,4867,109.33829860715196,82.12360754070265,25.38155987132199,4,197,182,4668/819200,474,4867,109.33829860715196,182,4668/819200,474,4867,109.33829860715196
-1508.9052927571393,4996.771375888444,-22077.83872710093,274.78330157884847,183,4718/819200,474,4896,106.57249002996832,2.0,0.0,2,2,183,4718/819200,474,4896,106.57249002996832,82.17231877914371,25.337538668889877,4,197,183,4718/819200,474,4896,106.57249002996832,183,4718/819200,474,4896,106.57249002996832
-1526.8181158454686,5026.920021067607,-22077.83872710093,274.78330157884847,184,4777/819200,482,4960,120.21858678106219,2.0,0.0,2,2,184,4777/819200,482,4960,120.21858678106219,82.16307305840486,25.318345598415398,4,197,184,4777/819200,482,4960,120.21858678106219,184,4777/819200,482,4960,120.21858678106219
-1537.6867354387925,5043.4749116324965,-22010.23283314823,274.78330157884847,185,4831/819200,477,5057,112.36655660904944,2.0,0.0,2,2,185,4831/819200,477,5057,112.36655660904944,82.12233492030636,25.310600867266626,4,197,185,4831/819200,477,5057,112.36655660904944,185,4831/819200,477,5057,112.36655660904944
-1546.6702812657722,5053.780416238306,-22010.23283314823,274.78330157884847,186,4895/819200,485,5099,128.2558875209652,2.0,0.0,2,2,186,4895/819200,485,5099,128.2558875209652,82.1685393258427,25.262462736337437,4,197,186,4895/819200,485,5099,128.2558875209652,186,4895/819200,485,5099,128.2558875209652
-1549.3419857993013,5061.5312661360795,-22010.23283314823,276.27015411426675,187,4942/819200,471,5144,117.57262505916879,2.0,0.0,2,2,187,4942/819200,471,5144,117.57262505916879,82.23998381222177,25.334226313535687,4,197,187,4942/819200,471,5144,117.57262505916879,187,4942/819200,471,5144,117.57262505916879
-813.2050734400258,3850.8329618528187,-22010.23283314823,276.27015411426675,188,4693/819200,480,4851,111.90796433622018,2.0,0.0,2,2,188,4693/819200,480,4851,111.90796433622018,82.60686128276156,24.832091832950017,4,197,188,4693/819200,480,4851,111.90796433622018,188,4693/819200,480,4851,111.90796433622018
-877.1559981764582,3981.9114744521326,-22010.23283314823,276.27015411426675,189,4744/819200,476,4982,117.71893088892102,2.0,0.0,2,2,189,4744/819200,476,4982,117.71893088892102,82.36003372681282,24.87369893041957,4,197,189,4744/819200,476,4982,117.71893088892102,189,4744/819200,476,4982,117.71893088892102
-931.7879700089425,4094.4374821918873,-22010.23283314823,278.6232738608485,190,4751/819200,475,5017,121.89496314385906,2.0,0.0,2,2,190,4751/819200,475,5017,121.89496314385906,82.44748474005472,24.97946387620334,4,192,190,4751/819200,475,5017,121.89496314385906,190,4751/819200,475,5017,121.89496314385906
-1014.1393796793884,4248.275114070846,-22010.678725594466,278.6232738608485,191,4700/819200,480,5005,107.53450000006706,2.0,0.0,2,2,191,4700/819200,480,5005,107.53450000006706,82.37765957446808,25.13358630358698,4,192,191,4700/819200,480,5005,107.53450000006706,191,4700/819200,480,5005,107.53450000006706
-1060.8620479277763,4332.15926127036,-22010.678725594466,278.6232738608485,192,4758/819200,469,4969,114.66934815840796,2.0,0.0,2,2,192,4758/819200,469,4969,114.66934815840796,82.48276586801177,25.264785610205156,4,192,192,4758/819200,469,4969,114.66934815840796,192,4758/819200,469,4969,114.66934815840796
-1109.7550592329585,4438.768155387617,-22043.494218486634,279.3284811004081,193,4782/819200,471,5010,123.71393088204786,2.0,0.0,2,2,193,4782/819200,471,5010,123.71393088204786,82.49498117942284,25.28717280022463,4,192,193,4782/819200,471,5010,123.71393088204786,193,4782/819200,471,5010,123.71393088204786
-593.6589807449155,3458.5742090135464,-22043.494218486634,279.3284811004081,194,4617/819200,474,4797,111.61194369895384,2.0,0.0,2,2,194,4617/819200,474,4797,111.61194369895384,82.91184752003466,24.615523618631766,4,192,194,4617/819200,474,4797,111.61194369895384,194,4617/819200,474,4797,111.61194369895384
-640.8881986960306,3564.1639970319006,-22043.494218486634,279.3284811004081,195,4649/819200,473,4905,111.23795015271753,2.0,0.0,2,2,195,4649/819200,473,4905,111.23795015271753,82.71649817164982,24.677033424156907,4,192,195,4649/819200,473,4905,111.23795015271753,195,4649/819200,473,4905,111.23795015271753
-694.7315484541622,3676.0439062095716,-22043.494218486634,279.3284811004081,196,4662/819200,470,4903,118.47464940324426,2.0,0.0,2,2,196,4662/819200,470,4903,118.47464940324426,82.7093522093522,24.880095005152114,4,192,196,4662/819200,470,4903,118.47464940324426,196,4662/819200,470,4903,118.47464940324426
-737.7738489851624,3781.7504666681843,-22043.494218486634,279.3284811004081,197,4711/819200,475,4933,119.29833704279736,2.0,0.0,2,2,197,4711/819200,475,4933,119.29833704279736,82.58968371895564,24.717765217521002,4,192,197,4711/819200,475,4933,119.29833704279736,197,4711/819200,475,4933,119.29833704279736
-786.8220338056703,3882.5702794956246,-22043.494218486634,279.3284811004081,198,4742/819200,475,4963,113.59738092310727,2.0,0.0,2,2,198,4742/819200,475,4963,113.59738092310727,82.7159426402362,24.943987757577766,4,192,198,4742/819200,475,4963,113.59738092310727,198,4742/819200,475,4963,113.59738092310727
-829.098664893519,3965.427831878267,-22043.494218486634,279.3284811004081,199,4783/819200,475,5006,120.7902735741809,2.0,0.0,2,2,199,4783/819200,475,5006,120.7902735741809,82.76709178339954,24.947683248892687,4,192,199,4783/819200,475,5006,120.7902735741809,199,4783/819200,475,5006,120.7902735741809
-870.1155739009537,4049.088023724382,-22128.071591819895,279.3284811004081,200,4820/819200,474,5026,109.25304989237338,2.0,0.0,2,2,200,4820/819200,474,5026,109.25304989237338,82.77448132780083,24.934419632454404,4,192,200,4820/819200,474,5026,109.25304989237338,200,4820/819200,474,5026,109.25304989237338
-921.8984091667078,4142.279889119117,-22128.071591819895,279.3284811004081,201,4898/819200,477,5102,120.30119631299749,2.0,0.0,2,2,201,4898/819200,477,5102,120.30119631299749,82.8121682319314,24.921957381659116,4,192,201,4898/819200,477,5102,120.30119631299749,201,4898/819200,477,5102,120.30119631299749
-945.8127692094217,4181.500199917687,-22128.071591819895,279.3284811004081,202,4948/819200,481,5163,113.5967732979916,2.0,0.0,2,2,202,4948/819200,481,5163,113.5967732979916,82.86661277283751,24.970305584033177,4,192,202,4948/819200,481,5163,113.5967732979916,202,4948/819200,481,5163,113.5967732979916
-983.4716638394347,4256.5989232958345,-22128.071591819895,279.3284811004081,203,5011/819200,478,5232,116.42332183523104,2.0,0.0,2,2,203,5011/819200,478,5232,116.42332183523104,82.84015166633407,24.92666938910837,4,192,203,5011/819200,478,5232,116.42332183523104,203,5011/819200,478,5232,116.42332183523104
-1006.5431975665891,4301.379437635004,-22128.071591819895,279.3284811004081,204,5052/819200,475,5284,118.7611647490412,2.0,0.0,2,2,204,5052/819200,475,5284,118.7611647490412,82.84837688044338,24.82332606963909,4,192,204,5052/819200,475,5284,118.7611647490412,204,5052/819200,475,5284,118.7611647490412
-1055.9944865151715,4389.362805317388,-22128.071591819895,279.3284811004081,205,5113/819200,479,5308,119.61303387163207,2.0,0.0,2,2,205,5113/819200,479,5308,119.61303387163207,82.92470174066106,24.941770677709304,4,192,205,5113/819200,479,5308,119.61303387163207,205,5113/819200,479,5308,119.61303387163207
-1087.5688850937127,4444.6355589765235,-22128.071591819895,279.3284811004081,206,5143/819200,471,5389,123.3177513028495,2.0,0.0,2,2,206,5143/819200,471,5389,123.3177513028495,82.97063970445265,24.922951722728854,4,192,206,5143/819200,471,5389,123.3177513028495,206,5143/819200,471,5389,123.3177513028495
-1107.345048912354,4473.9815859255705,-22128.071591819895,279.3284811004081,207,5198/819200,470,5408,120.83600127417594,2.0,0.0,2,2,207,5198/819200,470,5408,120.83600127417594,82.99692189303579,25.027994909580276,4,192,207,5198/819200,470,5408,120.83600127417594,207,5198/819200,470,5408,120.83600127417594
-1128.589665628096,4510.822430971667,-22128.071591819895,283.2922666872647,208,5258/819200,476,5466,114.35610457602888,2.0,0.0,2,2,208,5258/819200,476,5466,114.35610457602888,83.17706352225181,25.214138632219314,4,192,208,5258/819200,476,5466,114.35610457602888,208,5258/819200,476,5466,114.35610457602888
-1157.9385840509988,4558.549963154603,-22128.071591819895,283.2922666872647,209,5212/819200,479,5506,121.13409633934498,2.0,0.0,2,2,209,5212/819200,479,5506,121.13409633934498,83.19071373752878,25.3777086216589,4,192,209,5212/819200,479,5506,121.13409633934498,209,5212/819200,479,5506,121.13409633934498
-1171.5775083605479,4581.1192993488385,-22128.071591819895,283.2922666872647,210,5255/819200,468,5491,117.78005828429013,2.0,0.0,2,2,210,5255/819200,468,5491,117.78005828429013,83.23063748810657,25.38155817157065,4,192,210,5255/819200,468,5491,117.78005828429013,210,5255/819200,468,5491,117.78005828429013
-1191.0480874752418,4611.99349611172,-22128.071591819895,283.2922666872647,211,5285/819200,473,5512,117.45199862122536,2.0,0.0,2,2,211,5285/819200,473,5512,117.45199862122536,83.17861873226111,25.333145966564125,4,192,211,5285/819200,473,5512,117.45199862122536,211,5285/819200,473,5512,117.45199862122536
-1221.8516369433385,4661.845997516051,-22128.071591819895,283.2922666872647,212,5331/819200,478,5564,125.41424535214901,2.0,0.0,2,2,212,5331/819200,478,5564,125.41424535214901,83.21159257175015,25.364014005060326,4,192,212,5331/819200,478,5564,125.41424535214901,212,5331/819200,478,5564,125.41424535214901
-1236.0115948694563,4687.342579016694,-22128.071591819895,283.2922666872647,213,5399/819200,478,5602,117.60732523119077,2.0,0.0,2,2,213,5399/819200,478,5602,117.60732523119077,83.27708834969438,25.360068527570473,4,192,213,5399/819200,478,5602,117.60732523119077,213,5399/819200,478,5602,117.60732523119077
-1280.3361511542046,4762.339466242612,-22128.071591819895,287.5858145624124,214,5428/819200,476,5635,117.5032986192964,2.0,0.0,2,2,214,5428/819200,476,5635,117.5032986192964,83.26621223286662,25.359676195410938,4,192,214,5428/819200,476,5635,117.5032986192964,214,5428/819200,476,5635,117.5032986192964
-1315.5142084820145,4811.663973864652,-22136.130128072513,287.5858145624124,215,5420/819200,476,5683,126.01100682793185,2.0,0.0,2,2,215,5420/819200,476,5683,126.01100682793185,83.19667896678966,25.491299218247136,4,192,215,5420/819200,476,5683,126.01100682793185,215,5420/819200,476,5683,126.01100682793185
-1313.4066482420178,4804.535825775106,-22136.130128072513,287.5858145624124,216,5463/819200,476,5701,121.0585305239074,2.0,0.0,2,2,216,5463/819200,476,5701,121.0585305239074,83.24382207578253,25.483001153579764,4,192,216,5463/819200,476,5701,121.0585305239074,216,5463/819200,476,5701,121.0585305239074
-1332.8260368609176,4836.090735788725,-22136.130128072513,287.5858145624124,217,5527/819200,479,5765,126.89515933394432,2.0,0.0,2,2,217,5527/819200,479,5765,126.89515933394432,83.26307219106207,25.320473501314613,4,192,217,5527/819200,479,5765,126.89515933394432,217,5527/819200,479,5765,126.89515933394432
-1350.4856625691975,4862.30267740816,-22136.130128072513,287.5858145624124,218,5557/819200,477,5806,128.5637634289451,2.0,0.0,2,2,218,5557/819200,477,5806,128.5637634289451,83.23771819326976,25.212050036174716,4,192,218,5557/819200,477,5806,128.5637634289451,218,5557/819200,477,5806,128.5637634289451
-1343.5572508336033,4848.716021486736,-22136.130128072513,287.5858145624124,219,5608/819200,475,5840,125.22524437308311,2.0,0.0,2,2,219,5608/819200,475,5840,125.22524437308311,83.25089158345222,25.248543395021258,4,197,219,5608/819200,475,5840,125.22524437308311,219,5608/819200,475,5840,125.22524437308311
-1355.0011654971256,4862.172225377819,-22136.130128072513,287.5858145624124,220,5680/819200,479,5886,128.46783768711612,2.0,0.0,2,2,220,5680/819200,479,5886,128.46783768711612,83.31883802816901,25.17620853334771,4,192,220,5680/819200,479,5886,128.46783768711612,220,5680/819200,479,5886,128.46783768711612
-1365.8836393121985,4877.072582833719,-22136.130128072513,287.5858145624124,221,5723/819200,473,5953,114.25678396085277,2.0,0.0,2,2,221,5723/819200,473,5953,114.25678396085277,83.40992486458151,25.209332635111284,4,195,221,5723/819200,473,5953,114.25678396085277,221,5723/819200,473,5953,114.25678396085277
-1371.8295230060014,4885.239751703051,-22136.130128072513,288.19514344289985,222,5759/819200,476,5984,129.2580792363733,2.0,0.0,2,2,222,5759/819200,476,5984,129.2580792363733,83.43010939399201,25.214804284423227,4,195,222,5759/819200,476,5984,129.2580792363733,222,5759/819200,476,5984,129.2580792363733
-1416.7017536299863,4955.014739790486,-22136.130128072513,288.19514344289985,223,5691/819200,476,5996,123.78527814196423,2.0,0.0,2,2,223,5691/819200,476,5996,123.78527814196423,83.14338429098576,25.126847403715,4,195,223,5691/819200,476,5996,123.78527814196423,223,5691/819200,476,5996,123.78527814196423
-1424.2042184849345,4968.217813308108,-22136.130128072513,288.19514344289985,224,5724/819200,474,5961,140.19367256294936,2.0,0.0,2,2,224,5724/819200,474,5961,140.19367256294936,83.28721174004193,25.290395256413184,4,195,224,5724/819200,474,5961,140.19367256294936,224,5724/819200,474,5961,140.19367256294936
-1421.5621165824336,4962.544771069881,-22136.130128072513,288.5397826870537,225,5794/819200,473,6002,129.97874897904694,2.0,0.0,2,2,225,5794/819200,473,6002,129.97874897904694,83.31498101484294,25.17598452284431,4,192,225,5794/819200,473,6002,129.97874897904694,225,5794/819200,473,6002,129.97874897904694
-1468.6611940793841,5032.2768213184245,-22136.130128072513,288.5397826870537,226,5750/819200,479,6015,128.97583840601146,2.0,0.0,2,2,226,5750/819200,479,6015,128.97583840601146,83.18921739130435,25.05866553745347,4,192,226,5750/819200,479,6015,128.97583840601146,226,5750/819200,479,6015,128.97583840601146
-1480.174164644749,5053.231991382713,-22136.130128072513,288.5397826870537,227,5777/819200,467,6009,124.39703737618402,2.0,0.0,2,2,227,5777/819200,467,6009,124.39703737618402,83.2691708499221,25.11084803762782,4,192,227,5777/819200,467,6009,124.39703737618402,227,5777/819200,467,6009,124.39703737618402
-1489.7015737569893,5058.89990702871,-22136.130128072513,288.5397826870537,228,5836/819200,475,6051,127.2693433240056,2.0,0.0,2,2,228,5836/819200,475,6051,127.2693433240056,83.3634338588074,25.19927486794066,4,192,228,5836/819200,475,6051,127.2693433240056,228,5836/819200,475,6051,127.2693433240056
-1494.924024735011,5067.76720342121,-22136.130128072513,288.5397826870537,229,5890/819200,475,6094,129.62326783919707,2.0,0.0,2,2,229,5890/819200,475,6094,129.62326783919707,83.43921901528013,25.36034610505801,4,192,229,5890/819200,475,6094,129.62326783919707,229,5890/819200,475,6094,129.62326783919707
-1495.6082186136803,5060.969598270558,-22136.130128072513,288.5397826870537,230,5945/819200,470,6168,133.8352806409821,2.0,0.0,2,2,230,5945/819200,470,6168,133.8352806409821,83.52985702270816,25.34670922807854,4,192,230,5945/819200,470,6168,133.8352806409821,230,5945/819200,470,6168,133.8352806409821
-1507.959520719564,5073.047005470721,-22136.130128072513,288.5397826870537,231,5975/819200,475,6201,127.07526700664312,2.0,0.0,2,2,231,5975/819200,475,6201,127.07526700664312,83.5094560669456,25.299455782369176,4,192,231,5975/819200,475,6201,127.07526700664312,231,5975/819200,475,6201,127.07526700664312
-1509.3491020953243,5070.49988088874,-22136.130128072513,289.2900725553263,232,6016/819200,475,6224,129.61462032422423,2.0,0.0,2,2,232,6016/819200,475,6224,129.61462032422423,83.57546542553192,25.265037057616613,4,192,232,6016/819200,475,6224,129.61462032422423,232,6016/819200,475,6224,129.61462032422423
-1527.351386358884,5100.8242579689095,-22136.130128072513,289.2900725553263,233,6052/819200,482,6270,116.80115716392174,2.0,0.0,2,2,233,6052/819200,482,6270,116.80115716392174,83.63697951090549,25.285898107261083,4,192,233,6052/819200,482,6270,116.80115716392174,233,6052/819200,482,6270,116.80115716392174
-1540.2853271261354,5116.684827141328,-22136.130128072513,289.2900725553263,234,6071/819200,468,6316,132.0057988781482,2.0,0.0,2,2,234,6071/819200,468,6316,132.0057988781482,83.62032614066875,25.225635868109645,4,192,234,6071/819200,468,6316,132.0057988781482,234,6071/819200,468,6316,132.0057988781482
-1539.995580914099,5114.6318284296485,-22136.130128072513,289.2900725553263,235,6136/819200,480,6343,134.66581239597872,2.0,0.0,2,2,235,6136/819200,480,6343,134.66581239597872,83.71104954367667,25.33600373399005,4,192,235,6136/819200,480,6343,134.66581239597872,235,6136/819200,480,6343,134.66581239597872
-1548.4606221061667,5128.8105126006185,-22136.130128072513,289.2900725553263,236,6169/819200,480,6373,130.22884432272986,2.0,0.0,2,2,236,6169/819200,480,6373,130.22884432272986,83.71680985573026,25.33743187809309,4,192,236,6169/819200,480,6373,130.22884432272986,236,6169/819200,480,6373,130.22884432272986
-1566.4442939060768,5152.154599471839,-22136.130128072513,289.2900725553263,237,6197/819200,473,6434,121.72727732406929,2.0,0.0,2,2,237,6197/819200,473,6434,121.72727732406929,83.70162982088107,25.251017722149857,4,194,237,6197/819200,473,6434,121.72727732406929,237,6197/819200,473,6434,121.72727732406929
-1557.4309570032665,5139.166116139221,-22136.130128072513,289.2900725553263,238,6244/819200,470,6458,126.75916707096621,2.0,0.0,2,2,238,6244/819200,470,6458,126.75916707096621,83.81822549647661,25.470387919788603,4,197,238,6244/819200,470,6458,126.75916707096621,238,6244/819200,470,6458,126.75916707096621
-1557.1944251557873,5142.513358836931,-22303.386039234352,289.2900725553263,239,6299/819200,477,6501,129.08757456438616,2.0,0.0,2,2,239,6299/819200,477,6501,129.08757456438616,83.99174472138435,25.57995837827554,4,197,239,6299/819200,477,6501,129.08757456438616,239,6299/819200,477,6501,129.08757456438616
-1569.1872218708313,5157.228700194877,-22303.386039234352,289.2900725553263,240,6314/819200,467,6549,131.83138376194984,2.0,0.0,2,2,240,6314/819200,467,6549,131.83138376194984,83.92793791574279,25.508742567580708,4,195,240,6314/819200,467,6549,131.83138376194984,240,6314/819200,467,6549,131.83138376194984
-1574.8683703910908,5164.805691937943,-22303.386039234352,289.2900725553263,241,6370/819200,480,6584,140.26796967396513,2.0,0.0,2,2,241,6370/819200,480,6584,140.26796967396513,84.06499215070643,25.555158103417718,4,195,241,6370/819200,480,6584,140.26796967396513,241,6370/819200,480,6584,140.26796967396513
-1580.504645982377,5171.256651652822,-22303.386039234352,289.2900725553263,242,6385/819200,475,6645,136.23288339795545,2.0,0.0,2,2,242,6385/819200,475,6645,136.23288339795545,84.08457321848081,25.639151036091857,4,195,242,6385/819200,475,6645,136.23288339795545,242,6385/819200,475,6645,136.23288339795545
-1596.37633834734,5195.343041181734,-22303.386039234352,289.2900725553263,243,6407/819200,477,6623,124.0974214556627,2.0,0.0,2,2,243,6407/819200,477,6623,124.0974214556627,84.09801779303886,25.647727127242728,4,204,243,6407/819200,477,6623,124.0974214556627,243,6407/819200,477,6623,124.0974214556627
-1604.1222112103978,5204.680103351682,-22303.386039234352,290.1940610603503,244,6414/819200,471,6640,113.54423565836623,2.0,0.0,2,2,244,6414/819200,471,6640,113.54423565836623,84.08949173682569,25.616808262670567,4,195,244,6414/819200,471,6640,113.54423565836623,244,6414/819200,471,6640,113.54423565836623
-1600.9479962215064,5204.906488691742,-22303.386039234352,290.1940610603503,245,6463/819200,480,6662,132.4105314570479,2.0,0.0,2,2,245,6463/819200,480,6662,132.4105314570479,84.1593687142194,25.68609785098769,4,195,245,6463/819200,480,6662,132.4105314570479,245,6463/819200,480,6662,132.4105314570479
-1608.8719399276774,5215.966899907159,-22303.386039234352,290.1940610603503,246,6482/819200,473,6722,132.0724551519379,2.0,0.0,2,2,246,6482/819200,473,6722,132.0724551519379,84.17957420549213,25.68454639316266,4,196,246,6482/819200,473,6722,132.0724551519379,246,6482/819200,473,6722,132.0724551519379
-1621.687969866024,5230.8596532704705,-22303.386039234352,290.1940610603503,247,6504/819200,483,6719,129.96447922708467,2.0,0.0,2,2,247,6504/819200,483,6719,129.96447922708467,84.29981549815498,25.805168632141136,4,196,247,6504/819200,483,6719,129.96447922708467,247,6504/819200,483,6719,129.96447922708467
-1633.5212959065457,5241.090752580335,-22303.386039234352,290.1940610603503,248,6521/819200,475,6756,133.57255364395678,2.0,0.0,2,2,248,6521/819200,475,6756,133.57255364395678,84.28017175279865,25.798747861660075,4,207,248,6521/819200,475,6756,133.57255364395678,248,6521/819200,475,6756,133.57255364395678
-1634.0391971437014,5241.304559729987,-22303.386039234352,290.1940610603503,249,6573/819200,476,6789,145.12937651388347,2.0,0.0,2,2,249,6573/819200,476,6789,145.12937651388347,84.2816065723414,25.67841041879691,4,195,249,6573/819200,476,6789,145.12937651388347,249,6573/819200,476,6789,145.12937651388347
-1635.3856340546024,5241.028536085699,-22303.386039234352,290.1940610603503,250,6615/819200,475,6821,141.44178038928658,2.0,0.0,2,2,250,6615/819200,475,6821,141.44178038928658,84.29221466364324,25.67320689725562,4,200,250,6615/819200,475,6821,141.44178038928658,250,6615/819200,475,6821,141.44178038928658
-1656.7152294004964,5267.418603219098,-22303.386039234352,290.1940610603503,251,6628/819200,466,6870,133.68004759587348,2.0,0.0,2,2,251,6628/819200,466,6870,133.68004759587348,84.19583584791792,25.519448974477957,4,195,251,6628/819200,466,6870,133.68004759587348,251,6628/819200,466,6870,133.68004759587348
-1666.1631482160437,5278.369624594462,-22303.386039234352,290.1940610603503,252,6646/819200,475,6876,141.4081735513173,2.0,0.0,2,2,252,6646/819200,475,6876,141.4081735513173,84.2818236533253,25.669920150367233,4,195,252,6646/819200,475,6876,141.4081735513173,252,6646/819200,475,6876,141.4081735513173
-1670.1495995698658,5288.186461462045,-22303.386039234352,290.1940610603503,253,6688/819200,473,6916,137.5426971288398,2.0,0.0,2,2,253,6688/819200,473,6916,137.5426971288398,84.43331339712918,25.77673235473085,4,200,253,6688/819200,473,6916,137.5426971288398,253,6688/819200,473,6916,137.5426971288398
-1686.0453884244475,5306.193209226926,-22303.386039234352,290.1940610603503,254,6716/819200,475,6930,137.3192338240333,2.0,0.0,2,2,254,6716/819200,475,6930,137.3192338240333,84.43225134008338,25.801990813739813,4,200,254,6716/819200,475,6930,137.3192338240333,254,6716/819200,475,6930,137.3192338240333
-1680.4178064587159,5298.604224371406,-22303.386039234352,290.1940610603503,255,6760/819200,476,7000,145.69053212087601,2.0,0.0,2,2,255,6760/819200,476,7000,145.69053212087601,84.47085798816568,25.810851173820495,4,195,255,6760/819200,476,7000,145.69053212087601,255,6760/819200,476,7000,145.69053212087601
-1678.4181187201166,5295.1134300750655,-22303.386039234352,290.1940610603503,256,6799/819200,477,7023,137.53975166426972,2.0,0.0,2,2,256,6799/819200,477,7023,137.53975166426972,84.59523459332254,25.994846258534167,4,195,256,6799/819200,477,7023,137.53975166426972,256,6799/819200,477,7023,137.53975166426972
-1688.2590788699526,5303.142909271197,-22303.386039234352,290.1940610603503,257,6799/819200,466,7035,142.79980639973655,2.0,0.0,2,2,257,6799/819200,466,7035,142.79980639973655,84.54919841153111,25.957955565594258,4,195,257,6799/819200,466,7035,142.79980639973655,257,6799/819200,466,7035,142.79980639973655
-1683.3015806869444,5295.852195280511,-22303.386039234352,290.1940610603503,258,6859/819200,471,7075,137.4762430540286,2.0,0.0,2,2,258,6859/819200,471,7075,137.4762430540286,84.54031199883364,25.836250200545393,4,195,258,6859/819200,471,7075,137.4762430540286,258,6859/819200,471,7075,137.4762430540286
-1683.0766092844867,5295.353806169948,-22303.386039234352,290.1940610603503,259,6869/819200,475,7127,132.52429547999054,2.0,0.0,2,2,259,6869/819200,475,7127,132.52429547999054,84.47532391905663,25.740281668322453,4,195,259,6869/819200,475,7127,132.52429547999054,259,6869/819200,475,7127,132.52429547999054
-1682.0845633444856,5292.10667813889,-22303.386039234352,290.1940610603503,260,6906/819200,473,7123,139.34475243696943,2.0,0.0,2,2,260,6906/819200,473,7123,139.34475243696943,84.44512018534607,25.627987808834657,4,195,260,6906/819200,473,7123,139.34475243696943,260,6906/819200,473,7123,139.34475243696943
-1691.7626586399506,5303.277215966454,-22303.386039234352,290.1940610603503,261,6917/819200,469,7158,141.22959042340517,2.0,0.0,2,2,261,6917/819200,469,7158,141.22959042340517,84.40133005638282,25.644002195437572,4,195,261,6917/819200,469,7158,141.22959042340517,261,6917/819200,469,7158,141.22959042340517
-1697.0494344415345,5312.819085730047,-22303.386039234352,290.1940610603503,262,6929/819200,478,7151,153.15952566592023,2.0,0.0,2,2,262,6929/819200,478,7151,153.15952566592023,84.45287920334825,25.601948893301333,4,195,262,6929/819200,478,7151,153.15952566592023,262,6929/819200,478,7151,153.15952566592023
-1700.1739905613965,5316.908338193638,-22303.386039234352,290.1940610603503,263,6968/819200,470,7196,150.09571475023404,2.0,0.0,2,2,263,6968/819200,470,7196,150.09571475023404,84.5644374282434,25.66575947582914,4,195,263,6968/819200,470,7196,150.09571475023404,263,6968/819200,470,7196,150.09571475023404
-1703.0036127062697,5315.904849194201,-22303.386039234352,290.1940610603503,264,7015/819200,481,7231,157.87047843681648,2.0,0.0,2,2,264,7015/819200,481,7231,157.87047843681648,84.53684960798289,25.6792880321553,4,195,264,7015/819200,481,7231,157.87047843681648,264,7015/819200,481,7231,157.87047843681648
-1710.3967892673477,5318.325213219796,-22303.386039234352,290.1940610603503,265,7022/819200,479,7260,152.6687748413533,2.0,0.0,2,2,265,7022/819200,479,7260,152.6687748413533,84.50199373397892,25.681093833283267,4,195,265,7022/819200,479,7260,152.6687748413533,265,7022/819200,479,7260,152.6687748413533
-1720.0412187787188,5332.930270039942,-22303.386039234352,290.1940610603503,266,7035/819200,463,7257,134.8289945158176,2.0,0.0,2,2,266,7035/819200,463,7257,134.8289945158176,84.49438521677328,25.586839546051305,4,195,266,7035/819200,463,7257,134.8289945158176,266,7035/819200,463,7257,134.8289945158176
-1723.1227843673169,5334.764839568321,-22303.386039234352,290.1940610603503,267,7067/819200,488,7262,138.1226104721427,2.0,0.0,2,2,267,7067/819200,488,7262,138.1226104721427,84.47714730437244,25.49168135868929,4,195,267,7067/819200,488,7262,138.1226104721427,267,7067/819200,488,7262,138.1226104721427
-1735.0065853789636,5348.679955114618,-22303.386039234352,290.1940610603503,268,7068/819200,474,7311,149.49669344583526,2.0,0.0,2,2,268,7068/819200,474,7311,149.49669344583526,84.52023203169213,25.59250923568104,4,195,268,7068/819200,474,7311,149.49669344583526,268,7068/819200,474,7311,149.49669344583526
-1729.3589158069128,5337.884804095918,-22303.386039234352,290.1940610603503,269,7123/819200,478,7327,151.03756725182757,2.0,0.0,2,2,269,7123/819200,478,7327,151.03756725182757,84.54752211146989,25.601051215840087,4,194,269,7123/819200,478,7327,151.03756725182757,269,7123/819200,478,7327,151.03756725182757
-1731.0809267757695,5339.924202268788,-22303.386039234352,290.1940610603503,270,7141/819200,470,7363,136.73217552527785,2.0,0.0,2,2,270,7141/819200,470,7363,136.73217552527785,84.50259067357513,25.576679448051273,4,199,270,7141/819200,470,7363,136.73217552527785,270,7141/819200,470,7363,136.73217552527785
-1736.7352842021778,5346.325663030276,-22303.386039234352,290.1940610603503,271,7169/819200,470,7393,147.14635438472033,2.0,0.0,2,2,271,7169/819200,470,7393,147.14635438472033,84.58780862044915,25.607112796252498,4,199,271,7169/819200,470,7393,147.14635438472033,271,7169/819200,470,7393,147.14635438472033
-1747.5270563083127,5358.1579590159035,-22303.386039234352,290.1940610603503,272,7178/819200,472,7390,145.5177239892073,2.0,0.0,2,2,272,7178/819200,472,7390,145.5177239892073,84.61047645583729,25.55600957790918,4,199,272,7178/819200,472,7390,145.5177239892073,272,7178/819200,472,7390,145.5177239892073
-1744.9761128500522,5355.396219017424,-22303.386039234352,290.1940610603503,273,7218/819200,476,7427,147.2340530413203,2.0,0.0,2,2,273,7218/819200,476,7427,147.2340530413203,84.65849265724577,25.608329338412283,4,204,273,7218/819200,476,7427,147.2340530413203,273,7218/819200,476,7427,147.2340530413203
-1748.3645655771438,5358.724049170241,-22303.386039234352,290.1940610603503,274,7255/819200,484,7466,147.96360269514844,2.0,0.0,2,2,274,7255/819200,484,7466,147.96360269514844,84.69524465885596,25.611133180511576,4,205,274,7255/819200,484,7466,147.96360269514844,274,7255/819200,484,7466,147.96360269514844
-1757.7475886985371,5374.072663323564,-22303.386039234352,290.1940610603503,275,7275/819200,471,7501,147.21974302036688,2.0,0.0,2,2,275,7275/819200,471,7501,147.21974302036688,84.74900343642612,25.686873859961683,4,205,275,7275/819200,471,7501,147.21974302036688,275,7275/819200,471,7501,147.21974302036688
-1763.1573729057216,5379.171177812806,-22303.386039234352,290.1940610603503,276,7295/819200,479,7533,137.5041761151515,2.0,0.0,2,2,276,7295/819200,479,7533,137.5041761151515,84.7162440027416,25.691064432013178,4,216,276,7295/819200,479,7533,137.5041761151515,276,7295/819200,479,7533,137.5041761151515
-1769.1839897238206,5387.459238700159,-22303.386039234352,290.1940610603503,277,7318/819200,473,7532,151.57043710770085,2.0,0.0,2,2,277,7318/819200,473,7532,151.57043710770085,84.6690352555343,25.62150236333912,4,205,277,7318/819200,473,7532,151.57043710770085,277,7318/819200,473,7532,151.57043710770085
-1781.8519087108598,5401.981028900667,-22303.386039234352,290.1940610603503,278,7337/819200,479,7577,150.60165163781494,2.0,0.0,2,2,278,7337/819200,479,7577,150.60165163781494,84.74976148289491,25.684104812658212,4,210,278,7337/819200,479,7577,150.60165163781494,278,7337/819200,479,7577,150.60165163781494
-1791.033116554032,5411.673446621625,-22303.386039234352,290.1940610603503,279,7368/819200,471,7592,147.28004098124802,2.0,0.0,2,2,279,7368/819200,471,7592,147.28004098124802,84.75760043431053,25.734416434951722,4,205,279,7368/819200,471,7592,147.28004098124802,279,7368/819200,471,7592,147.28004098124802
-1792.0506138514684,5413.970402984974,-22303.386039234352,290.1940610603503,280,7403/819200,481,7629,149.03210816904902,2.0,0.0,2,2,280,7403/819200,481,7629,149.03210816904902,84.82317979197623,25.82296031167026,4,206,280,7403/819200,481,7629,149.03210816904902,280,7403/819200,481,7629,149.03210816904902
-1794.3696427496648,5416.214853435258,-22303.386039234352,290.1940610603503,281,7433/819200,480,7642,154.24911130266264,2.0,0.0,2,2,281,7433/819200,480,7642,154.24911130266264,84.89869500874478,25.856756777034445,4,206,281,7433/819200,480,7642,154.24911130266264,281,7433/819200,480,7642,154.24911130266264
-1791.0763480549424,5410.9200450132075,-22303.386039234352,290.1940610603503,282,7448/819200,482,7671,150.25700139906257,2.0,0.0,2,2,282,7448/819200,482,7671,150.25700139906257,84.84505907626209,25.803133885964396,4,208,282,7448/819200,482,7671,150.25700139906257,282,7448/819200,482,7671,150.25700139906257
-1794.6201516812816,5415.985636799263,-22303.386039234352,290.1940610603503,283,7475/819200,468,7700,151.72303711110726,2.0,0.0,2,2,283,7475/819200,468,7700,151.72303711110726,84.87491638795987,25.819605852872563,4,208,283,7475/819200,468,7700,151.72303711110726,283,7475/819200,468,7700,151.72303711110726
-1802.5903370569645,5423.6861830830285,-22303.386039234352,290.1940610603503,284,7478/819200,468,7739,144.76587390620261,2.0,0.0,2,2,284,7478/819200,468,7739,144.76587390620261,84.93955603102434,25.956303621471744,4,206,284,7478/819200,468,7739,144.76587390620261,284,7478/819200,468,7739,144.76587390620261
-1811.863973864256,5434.720986255654,-22303.386039234352,290.1940610603503,285,7522/819200,478,7741,151.18407958792523,2.0,0.0,2,2,285,7522/819200,478,7741,151.18407958792523,85.00877426216432,25.957554939844098,4,206,285,7522/819200,478,7741,151.18407958792523,285,7522/819200,478,7741,151.18407958792523
-1808.0125193802671,5428.2594013874,-22303.386039234352,290.1940610603503,286,7546/819200,476,7779,146.61602651886642,2.0,0.0,2,2,286,7546/819200,476,7779,146.61602651886642,84.97508613835144,25.84016631324083,4,205,286,7546/819200,476,7779,146.61602651886642,286,7546/819200,476,7779,146.61602651886642
-1816.9795091905355,5441.166362405869,-22303.386039234352,290.1940610603503,287,7555/819200,486,7782,152.6961735142395,2.0,0.0,2,2,287,7555/819200,486,7782,152.6961735142395,84.96598279285242,25.875567070528355,4,205,287,7555/819200,486,7782,152.6961735142395,287,7555/819200,486,7782,152.6961735142395
-1813.757500362698,5440.983237225684,-22303.386039234352,290.1940610603503,288,7577/819200,469,7786,150.45534214703366,2.0,0.0,2,2,288,7577/819200,469,7786,150.45534214703366,84.94562491751353,25.820319012169392,4,205,288,7577/819200,469,7786,150.45534214703366,288,7577/819200,469,7786,150.45534214703366
-1814.6427662939202,5441.576573282838,-22303.386039234352,290.1940610603503,289,7610/819200,482,7801,155.7536740079522,2.0,0.0,2,2,289,7610/819200,482,7801,155.7536740079522,84.96846254927726,25.78821158786261,4,202,289,7610/819200,482,7801,155.7536740079522,289,7610/819200,482,7801,155.7536740079522
-1817.1953145380835,5444.719417189218,-22303.386039234352,290.1940610603503,290,7640/819200,474,7876,157.28749099560082,2.0,0.0,2,2,290,7640/819200,474,7876,157.28749099560082,85.03861256544502,25.86273069327215,4,205,290,7640/819200,474,7876,157.28749099560082,290,7640/819200,474,7876,157.28749099560082
-1828.6163340489854,5460.411792094925,-22303.386039234352,290.1940610603503,291,7648/819200,469,7895,154.34326064772904,2.0,0.0,2,2,291,7648/819200,469,7895,154.34326064772904,85.06289225941423,25.87436643662527,4,202,291,7648/819200,469,7895,154.34326064772904,291,7648/819200,469,7895,154.34326064772904
-1828.5770190554001,5458.057825989988,-22303.386039234352,290.1940610603503,292,7666/819200,465,7894,151.50715990085155,2.0,0.0,2,2,292,7666/819200,465,7894,151.50715990085155,84.9877380641795,25.812335351993465,4,202,292,7666/819200,465,7894,151.50715990085155,292,7666/819200,465,7894,151.50715990085155
-1836.5731129192802,5470.166264908307,-22303.386039234352,290.1940610603503,293,7681/819200,475,7900,158.73522907309234,2.0,0.0,2,2,293,7681/819200,475,7900,158.73522907309234,85.03228746256998,25.95995532342817,4,202,293,7681/819200,475,7900,158.73522907309234,293,7681/819200,475,7900,158.73522907309234
-1837.0744632826418,5471.3938700246745,-22303.386039234352,290.1940610603503,294,7686/819200,474,7902,160.71564192976803,2.0,0.0,2,2,294,7686/819200,474,7902,160.71564192976803,85.06856622430394,25.959046354591642,4,202,294,7686/819200,474,7902,160.71564192976803,294,7686/819200,474,7902,160.71564192976803
-1840.9743372419034,5479.8725382446655,-22303.386039234352,290.1940610603503,295,7720/819200,468,7924,151.1857540202327,2.0,0.0,2,2,295,7720/819200,468,7924,151.1857540202327,85.0901554404145,25.914514837257702,4,202,295,7720/819200,468,7924,151.1857540202327,295,7720/819200,468,7924,151.1857540202327
-1842.018173461649,5478.995582650756,-22303.386039234352,290.1940610603503,296,7734/819200,472,7951,156.0283759930171,2.0,0.0,2,2,296,7734/819200,472,7951,156.0283759930171,85.10499094905612,25.892516057993834,4,202,296,7734/819200,472,7951,156.0283759930171,296,7734/819200,472,7951,156.0283759930171
-1839.9281626883962,5473.277617170407,-22303.386039234352,290.1940610603503,297,7760/819200,473,7984,147.17655947292224,2.0,0.0,2,2,297,7760/819200,473,7984,147.17655947292224,85.0993556701031,25.917872860353672,4,202,297,7760/819200,473,7984,147.17655947292224,297,7760/819200,473,7984,147.17655947292224
-1848.2388428361787,5483.544837415289,-22303.386039234352,290.1940610603503,298,7782/819200,469,8024,148.9650290030986,2.0,0.0,2,2,298,7782/819200,469,8024,148.9650290030986,85.11770753019789,25.884884884269844,4,202,298,7782/819200,469,8024,148.9650290030986,298,7782/819200,469,8024,148.9650290030986
-1855.2718968932465,5492.2703135584,-22303.386039234352,290.1940610603503,299,7786/819200,468,8049,146.71968146925792,2.0,0.0,2,2,299,7786/819200,468,8049,146.71968146925792,85.10955561263806,25.871279175725743,4,200,299,7786/819200,468,8049,146.71968146925792,299,7786/819200,468,8049,146.71968146925792
-1875.0088929806886,5519.026517651363,-22303.386039234352,290.1940610603503,300,7784/819200,473,8036,146.113914729096,2.0,0.0,2,2,300,7784/819200,473,8036,146.113914729096,85.10958376156218,25.889374318466416,4,198,300,7784/819200,473,8036,146.113914729096,300,7784/819200,473,8036,146.113914729096
